START target=all limit=0 at=2026-07-03T00:01:44.527952200Z
ITEMS count=799
RESET /clear @s
RESET /kill @e[type=item,distance=..16]
RESET clean inventory before item 1

PLAN 1/799 item=minecraft:acacia_wood resources=[4xminecraft:acacia_log] leafPlanFailures=[]
GIVE /give @s minecraft:acacia_log 4
PASS item=minecraft:acacia_wood reason=crafted output appeared in inventory
RESET /clear @s
RESET /kill @e[type=item,distance=..16]
RESET clean inventory before item 2

PLAN 2/799 item=minecraft:birch_wood resources=[4xminecraft:birch_log] leafPlanFailures=[]
GIVE /give @s minecraft:birch_log 4
PASS item=minecraft:birch_wood reason=crafted output appeared in inventory
RESET /clear @s
RESET /kill @e[type=item,distance=..16]
RESET clean inventory before item 3

PLAN 3/799 item=minecraft:dark_oak_wood resources=[4xminecraft:dark_oak_log] leafPlanFailures=[]
GIVE /give @s minecraft:dark_oak_log 4
PASS item=minecraft:dark_oak_wood reason=crafted output appeared in inventory
RESET /clear @s
RESET /kill @e[type=item,distance=..16]
RESET clean inventory before item 4

PLAN 4/799 item=minecraft:oak_wood resources=[4xminecraft:oak_log] leafPlanFailures=[]
GIVE /give @s minecraft:oak_log 4
PASS item=minecraft:oak_wood reason=crafted output appeared in inventory
RESET /clear @s
RESET /kill @e[type=item,distance=..16]
RESET clean inventory before item 5

PLAN 5/799 item=minecraft:jungle_wood resources=[4xminecraft:jungle_log] leafPlanFailures=[]
GIVE /give @s minecraft:jungle_log 4
PASS item=minecraft:jungle_wood reason=crafted output appeared in inventory
RESET /clear @s
RESET /kill @e[type=item,distance=..16]
RESET clean inventory before item 6

PLAN 6/799 item=minecraft:spruce_wood resources=[4xminecraft:spruce_log] leafPlanFailures=[]
GIVE /give @s minecraft:spruce_log 4
PASS item=minecraft:spruce_wood reason=crafted output appeared in inventory
RESET /clear @s
RESET /kill @e[type=item,distance=..16]
RESET clean inventory before item 7

PLAN 7/799 item=minecraft:stripped_acacia_wood resources=[4xminecraft:stripped_acacia_log] leafPlanFailures=[]
GIVE /give @s minecraft:stripped_acacia_log 4
PASS item=minecraft:stripped_acacia_wood reason=crafted output appeared in inventory
RESET /clear @s
RESET /kill @e[type=item,distance=..16]
RESET clean inventory before item 8

PLAN 8/799 item=minecraft:stripped_birch_wood resources=[4xminecraft:stripped_birch_log] leafPlanFailures=[]
GIVE /give @s minecraft:stripped_birch_log 4
PASS item=minecraft:stripped_birch_wood reason=crafted output appeared in inventory
RESET /clear @s
RESET /kill @e[type=item,distance=..16]
RESET clean inventory before item 9

PLAN 9/799 item=minecraft:stripped_dark_oak_wood resources=[4xminecraft:stripped_dark_oak_log] leafPlanFailures=[]
GIVE /give @s minecraft:stripped_dark_oak_log 4
PASS item=minecraft:stripped_dark_oak_wood reason=crafted output appeared in inventory
RESET /clear @s
RESET /kill @e[type=item,distance=..16]
RESET clean inventory before item 10

PLAN 10/799 item=minecraft:stripped_oak_wood resources=[4xminecraft:stripped_oak_log] leafPlanFailures=[]
GIVE /give @s minecraft:stripped_oak_log 4
PASS item=minecraft:stripped_oak_wood reason=crafted output appeared in inventory
RESET /clear @s
RESET /kill @e[type=item,distance=..16]
RESET clean inventory before item 11

PLAN 11/799 item=minecraft:stripped_jungle_wood resources=[4xminecraft:stripped_jungle_log] leafPlanFailures=[]
GIVE /give @s minecraft:stripped_jungle_log 4
PASS item=minecraft:stripped_jungle_wood reason=crafted output appeared in inventory
RESET /clear @s
RESET /kill @e[type=item,distance=..16]
RESET clean inventory before item 12

PLAN 12/799 item=minecraft:stripped_spruce_wood resources=[4xminecraft:stripped_spruce_log] leafPlanFailures=[]
GIVE /give @s minecraft:stripped_spruce_log 4
PASS item=minecraft:stripped_spruce_wood reason=crafted output appeared in inventory
RESET /clear @s
RESET /kill @e[type=item,distance=..16]
RESET clean inventory before item 13

PLAN 13/799 item=minecraft:crimson_hyphae resources=[4xminecraft:crimson_stem] leafPlanFailures=[]
GIVE /give @s minecraft:crimson_stem 4
PASS item=minecraft:crimson_hyphae reason=crafted output appeared in inventory
RESET /clear @s
RESET /kill @e[type=item,distance=..16]
RESET clean inventory before item 14

PLAN 14/799 item=minecraft:warped_hyphae resources=[4xminecraft:warped_stem] leafPlanFailures=[]
GIVE /give @s minecraft:warped_stem 4
PASS item=minecraft:warped_hyphae reason=crafted output appeared in inventory
RESET /clear @s
RESET /kill @e[type=item,distance=..16]
RESET clean inventory before item 15

PLAN 15/799 item=minecraft:stripped_crimson_hyphae resources=[4xminecraft:stripped_crimson_stem] leafPlanFailures=[]
GIVE /give @s minecraft:stripped_crimson_stem 4
PASS item=minecraft:stripped_crimson_hyphae reason=crafted output appeared in inventory
RESET /clear @s
RESET /kill @e[type=item,distance=..16]
RESET clean inventory before item 16

PLAN 16/799 item=minecraft:stripped_warped_hyphae resources=[4xminecraft:stripped_warped_stem] leafPlanFailures=[]
GIVE /give @s minecraft:stripped_warped_stem 4
PASS item=minecraft:stripped_warped_hyphae reason=crafted output appeared in inventory
RESET /clear @s
RESET /kill @e[type=item,distance=..16]
RESET clean inventory before item 17

PLAN 17/799 item=minecraft:mangrove_wood resources=[4xminecraft:mangrove_log] leafPlanFailures=[]
GIVE /give @s minecraft:mangrove_log 4
PASS item=minecraft:mangrove_wood reason=crafted output appeared in inventory
RESET /clear @s
RESET /kill @e[type=item,distance=..16]
RESET clean inventory before item 18

PLAN 18/799 item=minecraft:stripped_mangrove_wood resources=[4xminecraft:stripped_mangrove_log] leafPlanFailures=[]
GIVE /give @s minecraft:stripped_mangrove_log 4
PASS item=minecraft:stripped_mangrove_wood reason=crafted output appeared in inventory
RESET /clear @s
RESET /kill @e[type=item,distance=..16]
RESET clean inventory before item 19

PLAN 19/799 item=minecraft:cherry_wood resources=[4xminecraft:cherry_log] leafPlanFailures=[]
GIVE /give @s minecraft:cherry_log 4
PASS item=minecraft:cherry_wood reason=crafted output appeared in inventory
RESET /clear @s
RESET /kill @e[type=item,distance=..16]
RESET clean inventory before item 20

PLAN 20/799 item=minecraft:stripped_cherry_wood resources=[4xminecraft:stripped_cherry_log] leafPlanFailures=[]
GIVE /give @s minecraft:stripped_cherry_log 4
PASS item=minecraft:stripped_cherry_wood reason=crafted output appeared in inventory
RESET /clear @s
RESET /kill @e[type=item,distance=..16]
RESET clean inventory before item 21

PLAN 21/799 item=minecraft:andesite resources=[1xminecraft:diorite, 1xminecraft:cobblestone, 1xminecraft:crafting_table] leafPlanFailures=[]
GIVE /give @s minecraft:diorite 1
GIVE /give @s minecraft:cobblestone 1
GIVE /give @s minecraft:crafting_table 1
PASS item=minecraft:andesite reason=crafted output appeared in inventory
RESET /clear @s
RESET /kill @e[type=item,distance=..16]
RESET clean inventory before item 22

PLAN 22/799 item=minecraft:granite resources=[1xminecraft:diorite, 1xminecraft:quartz, 1xminecraft:crafting_table] leafPlanFailures=[]
GIVE /give @s minecraft:diorite 1
GIVE /give @s minecraft:quartz 1
GIVE /give @s minecraft:crafting_table 1
PASS item=minecraft:granite reason=crafted output appeared in inventory
RESET /clear @s
RESET /kill @e[type=item,distance=..16]
RESET clean inventory before item 23

PLAN 23/799 item=minecraft:diorite resources=[2xminecraft:cobblestone, 2xminecraft:quartz] leafPlanFailures=[]
GIVE /give @s minecraft:cobblestone 2
GIVE /give @s minecraft:quartz 2
PASS item=minecraft:diorite reason=crafted output appeared in inventory
RESET /clear @s
RESET /kill @e[type=item,distance=..16]
RESET clean inventory before item 24

PLAN 24/799 item=minecraft:magma_block resources=[4xminecraft:magma_cream] leafPlanFailures=[]
GIVE /give @s minecraft:magma_cream 4
PASS item=minecraft:magma_block reason=crafted output appeared in inventory
RESET /clear @s
RESET /kill @e[type=item,distance=..16]
RESET clean inventory before item 25

PLAN 25/799 item=minecraft:coal resources=[1xminecraft:coal_block, 1xminecraft:crafting_table] leafPlanFailures=[]
GIVE /give @s minecraft:coal_block 1
GIVE /give @s minecraft:crafting_table 1
PASS item=minecraft:coal reason=crafted output appeared in inventory
RESET /clear @s
RESET /kill @e[type=item,distance=..16]
RESET clean inventory before item 26

PLAN 26/799 item=minecraft:raw_iron resources=[1xminecraft:raw_iron_block, 1xminecraft:crafting_table] leafPlanFailures=[]
GIVE /give @s minecraft:raw_iron_block 1
GIVE /give @s minecraft:crafting_table 1
PASS item=minecraft:raw_iron reason=crafted output appeared in inventory
RESET /clear @s
RESET /kill @e[type=item,distance=..16]
RESET clean inventory before item 27

PLAN 27/799 item=minecraft:raw_gold resources=[1xminecraft:raw_gold_block, 1xminecraft:crafting_table] leafPlanFailures=[]
GIVE /give @s minecraft:raw_gold_block 1
GIVE /give @s minecraft:crafting_table 1
PASS item=minecraft:raw_gold reason=crafted output appeared in inventory
RESET /clear @s
RESET /kill @e[type=item,distance=..16]
RESET clean inventory before item 28

PLAN 28/799 item=minecraft:raw_copper resources=[1xminecraft:raw_copper_block, 1xminecraft:crafting_table] leafPlanFailures=[]
GIVE /give @s minecraft:raw_copper_block 1
GIVE /give @s minecraft:crafting_table 1
PASS item=minecraft:raw_copper reason=crafted output appeared in inventory
RESET /clear @s
RESET /kill @e[type=item,distance=..16]
RESET clean inventory before item 29

PLAN 29/799 item=minecraft:diamond resources=[1xminecraft:diamond_block, 1xminecraft:crafting_table] leafPlanFailures=[]
GIVE /give @s minecraft:diamond_block 1
GIVE /give @s minecraft:crafting_table 1
PASS item=minecraft:diamond reason=crafted output appeared in inventory
RESET /clear @s
RESET /kill @e[type=item,distance=..16]
RESET clean inventory before item 30

PLAN 30/799 item=minecraft:emerald resources=[1xminecraft:emerald_block, 1xminecraft:crafting_table] leafPlanFailures=[]
GIVE /give @s minecraft:emerald_block 1
GIVE /give @s minecraft:crafting_table 1
PASS item=minecraft:emerald reason=crafted output appeared in inventory
RESET /clear @s
RESET /kill @e[type=item,distance=..16]
RESET clean inventory before item 31

PLAN 31/799 item=minecraft:redstone resources=[1xminecraft:redstone_block, 1xminecraft:crafting_table] leafPlanFailures=[]
GIVE /give @s minecraft:redstone_block 1
GIVE /give @s minecraft:crafting_table 1
PASS item=minecraft:redstone reason=crafted output appeared in inventory
RESET /clear @s
RESET /kill @e[type=item,distance=..16]
RESET clean inventory before item 32

PLAN 32/799 item=minecraft:lapis_lazuli resources=[1xminecraft:lapis_block, 1xminecraft:crafting_table] leafPlanFailures=[]
GIVE /give @s minecraft:lapis_block 1
GIVE /give @s minecraft:crafting_table 1
PASS item=minecraft:lapis_lazuli reason=crafted output appeared in inventory
RESET /clear @s
RESET /kill @e[type=item,distance=..16]
RESET clean inventory before item 33

PLAN 33/799 item=minecraft:sandstone resources=[4xminecraft:sand] leafPlanFailures=[]
GIVE /give @s minecraft:sand 4
PASS item=minecraft:sandstone reason=crafted output appeared in inventory
RESET /clear @s
RESET /kill @e[type=item,distance=..16]
RESET clean inventory before item 34

PLAN 34/799 item=minecraft:red_sandstone resources=[4xminecraft:red_sand] leafPlanFailures=[]
GIVE /give @s minecraft:red_sand 4
PASS item=minecraft:red_sandstone reason=crafted output appeared in inventory
RESET /clear @s
RESET /kill @e[type=item,distance=..16]
RESET clean inventory before item 35

PLAN 35/799 item=minecraft:coarse_dirt resources=[2xminecraft:dirt, 2xminecraft:gravel] leafPlanFailures=[]
GIVE /give @s minecraft:dirt 2
GIVE /give @s minecraft:gravel 2
PASS item=minecraft:coarse_dirt reason=crafted output appeared in inventory
RESET /clear @s
RESET /kill @e[type=item,distance=..16]
RESET clean inventory before item 36

PLAN 36/799 item=minecraft:amethyst_block resources=[4xminecraft:amethyst_shard] leafPlanFailures=[]
GIVE /give @s minecraft:amethyst_shard 4
PASS item=minecraft:amethyst_block reason=crafted output appeared in inventory
RESET /clear @s
RESET /kill @e[type=item,distance=..16]
RESET clean inventory before item 37

PLAN 37/799 item=minecraft:dripstone_block resources=[4xminecraft:pointed_dripstone] leafPlanFailures=[]
GIVE /give @s minecraft:pointed_dripstone 4
PASS item=minecraft:dripstone_block reason=crafted output appeared in inventory
RESET /clear @s
RESET /kill @e[type=item,distance=..16]
RESET clean inventory before item 38

PLAN 38/799 item=minecraft:white_wool resources=[4xminecraft:string] leafPlanFailures=[]
GIVE /give @s minecraft:string 4
PASS item=minecraft:white_wool reason=crafted output appeared in inventory
RESET /clear @s
RESET /kill @e[type=item,distance=..16]
RESET clean inventory before item 39

PLAN 39/799 item=minecraft:black_wool resources=[1xminecraft:white_wool, 1xminecraft:black_dye] leafPlanFailures=[]
GIVE /give @s minecraft:white_wool 1
GIVE /give @s minecraft:black_dye 1
PASS item=minecraft:black_wool reason=crafted output appeared in inventory
RESET /clear @s
RESET /kill @e[type=item,distance=..16]
RESET clean inventory before item 40

PLAN 40/799 item=minecraft:blue_wool resources=[1xminecraft:white_wool, 1xminecraft:blue_dye] leafPlanFailures=[]
GIVE /give @s minecraft:white_wool 1
GIVE /give @s minecraft:blue_dye 1
PASS item=minecraft:blue_wool reason=crafted output appeared in inventory
RESET /clear @s
RESET /kill @e[type=item,distance=..16]
RESET clean inventory before item 41

PLAN 41/799 item=minecraft:brown_wool resources=[1xminecraft:white_wool, 1xminecraft:brown_dye] leafPlanFailures=[]
GIVE /give @s minecraft:white_wool 1
GIVE /give @s minecraft:brown_dye 1
PASS item=minecraft:brown_wool reason=crafted output appeared in inventory
RESET /clear @s
RESET /kill @e[type=item,distance=..16]
RESET clean inventory before item 42

PLAN 42/799 item=minecraft:cyan_wool resources=[1xminecraft:white_wool, 1xminecraft:cyan_dye] leafPlanFailures=[]
GIVE /give @s minecraft:white_wool 1
GIVE /give @s minecraft:cyan_dye 1
PASS item=minecraft:cyan_wool reason=crafted output appeared in inventory
RESET /clear @s
RESET /kill @e[type=item,distance=..16]
RESET clean inventory before item 43

PLAN 43/799 item=minecraft:gray_wool resources=[1xminecraft:white_wool, 1xminecraft:gray_dye] leafPlanFailures=[]
GIVE /give @s minecraft:white_wool 1
GIVE /give @s minecraft:gray_dye 1
PASS item=minecraft:gray_wool reason=crafted output appeared in inventory
RESET /clear @s
RESET /kill @e[type=item,distance=..16]
RESET clean inventory before item 44

PLAN 44/799 item=minecraft:green_wool resources=[1xminecraft:white_wool, 1xminecraft:green_dye] leafPlanFailures=[]
GIVE /give @s minecraft:white_wool 1
GIVE /give @s minecraft:green_dye 1
PASS item=minecraft:green_wool reason=crafted output appeared in inventory
RESET /clear @s
RESET /kill @e[type=item,distance=..16]
RESET clean inventory before item 45

PLAN 45/799 item=minecraft:light_blue_wool resources=[1xminecraft:white_wool, 1xminecraft:light_blue_dye] leafPlanFailures=[]
GIVE /give @s minecraft:white_wool 1
GIVE /give @s minecraft:light_blue_dye 1
PASS item=minecraft:light_blue_wool reason=crafted output appeared in inventory
RESET /clear @s
RESET /kill @e[type=item,distance=..16]
RESET clean inventory before item 46

PLAN 46/799 item=minecraft:light_gray_wool resources=[1xminecraft:white_wool, 1xminecraft:light_gray_dye] leafPlanFailures=[]
GIVE /give @s minecraft:white_wool 1
GIVE /give @s minecraft:light_gray_dye 1
PASS item=minecraft:light_gray_wool reason=crafted output appeared in inventory
RESET /clear @s
RESET /kill @e[type=item,distance=..16]
RESET clean inventory before item 47

PLAN 47/799 item=minecraft:lime_wool resources=[1xminecraft:white_wool, 1xminecraft:lime_dye] leafPlanFailures=[]
GIVE /give @s minecraft:white_wool 1
GIVE /give @s minecraft:lime_dye 1
PASS item=minecraft:lime_wool reason=crafted output appeared in inventory
RESET /clear @s
RESET /kill @e[type=item,distance=..16]
RESET clean inventory before item 48

PLAN 48/799 item=minecraft:magenta_wool resources=[1xminecraft:white_wool, 1xminecraft:magenta_dye] leafPlanFailures=[]
GIVE /give @s minecraft:white_wool 1
GIVE /give @s minecraft:magenta_dye 1
PASS item=minecraft:magenta_wool reason=crafted output appeared in inventory
RESET /clear @s
RESET /kill @e[type=item,distance=..16]
RESET clean inventory before item 49

PLAN 49/799 item=minecraft:orange_wool resources=[1xminecraft:white_wool, 1xminecraft:orange_dye] leafPlanFailures=[]
GIVE /give @s minecraft:white_wool 1
GIVE /give @s minecraft:orange_dye 1
PASS item=minecraft:orange_wool reason=crafted output appeared in inventory
RESET /clear @s
RESET /kill @e[type=item,distance=..16]
RESET clean inventory before item 50

PLAN 50/799 item=minecraft:pink_wool resources=[1xminecraft:white_wool, 1xminecraft:pink_dye] leafPlanFailures=[]
GIVE /give @s minecraft:white_wool 1
GIVE /give @s minecraft:pink_dye 1
PASS item=minecraft:pink_wool reason=crafted output appeared in inventory
RESET /clear @s
RESET /kill @e[type=item,distance=..16]
RESET clean inventory before item 51

PLAN 51/799 item=minecraft:purple_wool resources=[1xminecraft:white_wool, 1xminecraft:purple_dye] leafPlanFailures=[]
GIVE /give @s minecraft:white_wool 1
GIVE /give @s minecraft:purple_dye 1
PASS item=minecraft:purple_wool reason=crafted output appeared in inventory
RESET /clear @s
RESET /kill @e[type=item,distance=..16]
RESET clean inventory before item 52

PLAN 52/799 item=minecraft:red_wool resources=[1xminecraft:white_wool, 1xminecraft:red_dye] leafPlanFailures=[]
GIVE /give @s minecraft:white_wool 1
GIVE /give @s minecraft:red_dye 1
PASS item=minecraft:red_wool reason=crafted output appeared in inventory
RESET /clear @s
RESET /kill @e[type=item,distance=..16]
RESET clean inventory before item 53

PLAN 53/799 item=minecraft:yellow_wool resources=[1xminecraft:white_wool, 1xminecraft:yellow_dye] leafPlanFailures=[]
GIVE /give @s minecraft:white_wool 1
GIVE /give @s minecraft:yellow_dye 1
PASS item=minecraft:yellow_wool reason=crafted output appeared in inventory
RESET /clear @s
RESET /kill @e[type=item,distance=..16]
RESET clean inventory before item 54

PLAN 54/799 item=minecraft:leather resources=[4xminecraft:rabbit_hide] leafPlanFailures=[]
GIVE /give @s minecraft:rabbit_hide 4
PASS item=minecraft:leather reason=crafted output appeared in inventory
RESET /clear @s
RESET /kill @e[type=item,distance=..16]
RESET clean inventory before item 55

PLAN 55/799 item=minecraft:slime_ball resources=[1xminecraft:slime_block, 1xminecraft:crafting_table] leafPlanFailures=[]
GIVE /give @s minecraft:slime_block 1
GIVE /give @s minecraft:crafting_table 1
PASS item=minecraft:slime_ball reason=crafted output appeared in inventory
RESET /clear @s
RESET /kill @e[type=item,distance=..16]
RESET clean inventory before item 56

PLAN 56/799 item=minecraft:nether_wart_block resources=[9xminecraft:nether_wart, 1xminecraft:crafting_table] leafPlanFailures=[]
GIVE /give @s minecraft:nether_wart 9
GIVE /give @s minecraft:crafting_table 1
PASS item=minecraft:nether_wart_block reason=crafted output appeared in inventory
RESET /clear @s
RESET /kill @e[type=item,distance=..16]
RESET clean inventory before item 57

PLAN 57/799 item=minecraft:wheat resources=[1xminecraft:hay_block, 1xminecraft:crafting_table] leafPlanFailures=[]
GIVE /give @s minecraft:hay_block 1
GIVE /give @s minecraft:crafting_table 1
PASS item=minecraft:wheat reason=crafted output appeared in inventory
RESET /clear @s
RESET /kill @e[type=item,distance=..16]
RESET clean inventory before item 58

PLAN 58/799 item=minecraft:netherite_upgrade_smithing_template resources=[7xminecraft:diamond, 1xminecraft:netherite_upgrade_smithing_template, 1xminecraft:netherrack, 1xminecraft:crafting_table] leafPlanFailures=[]
GIVE /give @s minecraft:diamond 7
GIVE /give @s minecraft:netherite_upgrade_smithing_template 1
GIVE /give @s minecraft:netherrack 1
GIVE /give @s minecraft:crafting_table 1
PASS item=minecraft:netherite_upgrade_smithing_template reason=crafted output appeared in inventory
RESET /clear @s
RESET /kill @e[type=item,distance=..16]
RESET clean inventory before item 59

PLAN 59/799 item=minecraft:acacia_planks resources=[1xminecraft:acacia_log, 1xminecraft:crafting_table] leafPlanFailures=[]
GIVE /give @s minecraft:acacia_log 1
GIVE /give @s minecraft:crafting_table 1
PASS item=minecraft:acacia_planks reason=crafted output appeared in inventory
RESET /clear @s
RESET /kill @e[type=item,distance=..16]
RESET clean inventory before item 60

PLAN 60/799 item=minecraft:birch_planks resources=[1xminecraft:birch_log, 1xminecraft:crafting_table] leafPlanFailures=[]
GIVE /give @s minecraft:birch_log 1
GIVE /give @s minecraft:crafting_table 1
PASS item=minecraft:birch_planks reason=crafted output appeared in inventory
RESET /clear @s
RESET /kill @e[type=item,distance=..16]
RESET clean inventory before item 61

PLAN 61/799 item=minecraft:crimson_planks resources=[1xminecraft:crimson_stem, 1xminecraft:crafting_table] leafPlanFailures=[]
GIVE /give @s minecraft:crimson_stem 1
GIVE /give @s minecraft:crafting_table 1
PASS item=minecraft:crimson_planks reason=crafted output appeared in inventory
RESET /clear @s
RESET /kill @e[type=item,distance=..16]
RESET clean inventory before item 62

PLAN 62/799 item=minecraft:dark_oak_planks resources=[1xminecraft:dark_oak_log, 1xminecraft:crafting_table] leafPlanFailures=[]
GIVE /give @s minecraft:dark_oak_log 1
GIVE /give @s minecraft:crafting_table 1
PASS item=minecraft:dark_oak_planks reason=crafted output appeared in inventory
RESET /clear @s
RESET /kill @e[type=item,distance=..16]
RESET clean inventory before item 63

PLAN 63/799 item=minecraft:oak_planks resources=[1xminecraft:oak_log, 1xminecraft:crafting_table] leafPlanFailures=[]
GIVE /give @s minecraft:oak_log 1
GIVE /give @s minecraft:crafting_table 1
PASS item=minecraft:oak_planks reason=crafted output appeared in inventory
RESET /clear @s
RESET /kill @e[type=item,distance=..16]
RESET clean inventory before item 64

PLAN 64/799 item=minecraft:jungle_planks resources=[1xminecraft:jungle_log, 1xminecraft:crafting_table] leafPlanFailures=[]
GIVE /give @s minecraft:jungle_log 1
GIVE /give @s minecraft:crafting_table 1
PASS item=minecraft:jungle_planks reason=crafted output appeared in inventory
RESET /clear @s
RESET /kill @e[type=item,distance=..16]
RESET clean inventory before item 65

PLAN 65/799 item=minecraft:spruce_planks resources=[1xminecraft:spruce_log, 1xminecraft:crafting_table] leafPlanFailures=[]
GIVE /give @s minecraft:spruce_log 1
GIVE /give @s minecraft:crafting_table 1
PASS item=minecraft:spruce_planks reason=crafted output appeared in inventory
RESET /clear @s
RESET /kill @e[type=item,distance=..16]
RESET clean inventory before item 66

PLAN 66/799 item=minecraft:warped_planks resources=[1xminecraft:warped_stem, 1xminecraft:crafting_table] leafPlanFailures=[]
GIVE /give @s minecraft:warped_stem 1
GIVE /give @s minecraft:crafting_table 1
PASS item=minecraft:warped_planks reason=crafted output appeared in inventory
RESET /clear @s
RESET /kill @e[type=item,distance=..16]
RESET clean inventory before item 67

PLAN 67/799 item=minecraft:mangrove_planks resources=[1xminecraft:mangrove_log, 1xminecraft:crafting_table] leafPlanFailures=[]
GIVE /give @s minecraft:mangrove_log 1
GIVE /give @s minecraft:crafting_table 1
PASS item=minecraft:mangrove_planks reason=crafted output appeared in inventory
RESET /clear @s
RESET /kill @e[type=item,distance=..16]
RESET clean inventory before item 68

PLAN 68/799 item=minecraft:cherry_planks resources=[1xminecraft:cherry_log, 1xminecraft:crafting_table] leafPlanFailures=[]
GIVE /give @s minecraft:cherry_log 1
GIVE /give @s minecraft:crafting_table 1
PASS item=minecraft:cherry_planks reason=crafted output appeared in inventory
RESET /clear @s
RESET /kill @e[type=item,distance=..16]
RESET clean inventory before item 69

PLAN 69/799 item=minecraft:bamboo_planks resources=[1xminecraft:bamboo_block, 1xminecraft:crafting_table] leafPlanFailures=[]
GIVE /give @s minecraft:bamboo_block 1
GIVE /give @s minecraft:crafting_table 1
PASS item=minecraft:bamboo_planks reason=crafted output appeared in inventory
RESET /clear @s
RESET /kill @e[type=item,distance=..16]
RESET clean inventory before item 70

PLAN 70/799 item=minecraft:pale_oak_planks resources=[1xminecraft:pale_oak_log, 1xminecraft:crafting_table] leafPlanFailures=[]
GIVE /give @s minecraft:pale_oak_log 1
GIVE /give @s minecraft:crafting_table 1
PASS item=minecraft:pale_oak_planks reason=crafted output appeared in inventory
RESET /clear @s
RESET /kill @e[type=item,distance=..16]
RESET clean inventory before item 71

PLAN 71/799 item=minecraft:stick resources=[2xminecraft:acacia_planks] leafPlanFailures=[]
GIVE /give @s minecraft:acacia_planks 2
PASS item=minecraft:stick reason=crafted output appeared in inventory
RESET /clear @s
RESET /kill @e[type=item,distance=..16]
RESET clean inventory before item 72

PLAN 72/799 item=minecraft:iron_ingot resources=[9xminecraft:iron_nugget, 1xminecraft:crafting_table] leafPlanFailures=[]
GIVE /give @s minecraft:iron_nugget 9
GIVE /give @s minecraft:crafting_table 1
PASS item=minecraft:iron_ingot reason=crafted output appeared in inventory
RESET /clear @s
RESET /kill @e[type=item,distance=..16]
RESET clean inventory before item 73

PLAN 73/799 item=minecraft:copper_ingot resources=[1xminecraft:copper_block, 1xminecraft:crafting_table] leafPlanFailures=[]
GIVE /give @s minecraft:copper_block 1
GIVE /give @s minecraft:crafting_table 1
PASS item=minecraft:copper_ingot reason=crafted output appeared in inventory
RESET /clear @s
RESET /kill @e[type=item,distance=..16]
RESET clean inventory before item 74

PLAN 74/799 item=minecraft:gold_ingot resources=[9xminecraft:gold_nugget, 1xminecraft:crafting_table] leafPlanFailures=[]
GIVE /give @s minecraft:gold_nugget 9
GIVE /give @s minecraft:crafting_table 1
PASS item=minecraft:gold_ingot reason=crafted output appeared in inventory
RESET /clear @s
RESET /kill @e[type=item,distance=..16]
RESET clean inventory before item 75

PLAN 75/799 item=minecraft:iron_block resources=[9xminecraft:iron_ingot, 1xminecraft:crafting_table] leafPlanFailures=[]
GIVE /give @s minecraft:iron_ingot 9
GIVE /give @s minecraft:crafting_table 1
PASS item=minecraft:iron_block reason=crafted output appeared in inventory
RESET /clear @s
RESET /kill @e[type=item,distance=..16]
RESET clean inventory before item 76

PLAN 76/799 item=minecraft:gold_block resources=[9xminecraft:gold_ingot, 1xminecraft:crafting_table] leafPlanFailures=[]
GIVE /give @s minecraft:gold_ingot 9
GIVE /give @s minecraft:crafting_table 1
PASS item=minecraft:gold_block reason=crafted output appeared in inventory
RESET /clear @s
RESET /kill @e[type=item,distance=..16]
RESET clean inventory before item 77

PLAN 77/799 item=minecraft:copper_block resources=[9xminecraft:copper_ingot, 1xminecraft:crafting_table] leafPlanFailures=[]
GIVE /give @s minecraft:copper_ingot 9
GIVE /give @s minecraft:crafting_table 1
PASS item=minecraft:copper_block reason=crafted output appeared in inventory
RESET /clear @s
RESET /kill @e[type=item,distance=..16]
RESET clean inventory before item 78

PLAN 78/799 item=minecraft:raw_iron_block resources=[9xminecraft:raw_iron, 1xminecraft:crafting_table] leafPlanFailures=[]
GIVE /give @s minecraft:raw_iron 9
GIVE /give @s minecraft:crafting_table 1
PASS item=minecraft:raw_iron_block reason=crafted output appeared in inventory
RESET /clear @s
RESET /kill @e[type=item,distance=..16]
RESET clean inventory before item 79

PLAN 79/799 item=minecraft:raw_gold_block resources=[9xminecraft:raw_gold, 1xminecraft:crafting_table] leafPlanFailures=[]
GIVE /give @s minecraft:raw_gold 9
GIVE /give @s minecraft:crafting_table 1
PASS item=minecraft:raw_gold_block reason=crafted output appeared in inventory
RESET /clear @s
RESET /kill @e[type=item,distance=..16]
RESET clean inventory before item 80

PLAN 80/799 item=minecraft:raw_copper_block resources=[9xminecraft:raw_copper, 1xminecraft:crafting_table] leafPlanFailures=[]
GIVE /give @s minecraft:raw_copper 9
GIVE /give @s minecraft:crafting_table 1
PASS item=minecraft:raw_copper_block reason=crafted output appeared in inventory
RESET /clear @s
RESET /kill @e[type=item,distance=..16]
RESET clean inventory before item 81

PLAN 81/799 item=minecraft:diamond_block resources=[9xminecraft:diamond, 1xminecraft:crafting_table] leafPlanFailures=[]
GIVE /give @s minecraft:diamond 9
GIVE /give @s minecraft:crafting_table 1
PASS item=minecraft:diamond_block reason=crafted output appeared in inventory
RESET /clear @s
RESET /kill @e[type=item,distance=..16]
RESET clean inventory before item 82

PLAN 82/799 item=minecraft:redstone_block resources=[9xminecraft:redstone, 1xminecraft:crafting_table] leafPlanFailures=[]
GIVE /give @s minecraft:redstone 9
GIVE /give @s minecraft:crafting_table 1
PASS item=minecraft:redstone_block reason=crafted output appeared in inventory
RESET /clear @s
RESET /kill @e[type=item,distance=..16]
RESET clean inventory before item 83

PLAN 83/799 item=minecraft:coal_block resources=[9xminecraft:coal, 1xminecraft:crafting_table] leafPlanFailures=[]
GIVE /give @s minecraft:coal 9
GIVE /give @s minecraft:crafting_table 1
PASS item=minecraft:coal_block reason=crafted output appeared in inventory
RESET /clear @s
RESET /kill @e[type=item,distance=..16]
RESET clean inventory before item 84

PLAN 84/799 item=minecraft:emerald_block resources=[9xminecraft:emerald, 1xminecraft:crafting_table] leafPlanFailures=[]
GIVE /give @s minecraft:emerald 9
GIVE /give @s minecraft:crafting_table 1
PASS item=minecraft:emerald_block reason=crafted output appeared in inventory
RESET /clear @s
RESET /kill @e[type=item,distance=..16]
RESET clean inventory before item 85

PLAN 85/799 item=minecraft:lapis_block resources=[9xminecraft:lapis_lazuli, 1xminecraft:crafting_table] leafPlanFailures=[]
GIVE /give @s minecraft:lapis_lazuli 9
GIVE /give @s minecraft:crafting_table 1
PASS item=minecraft:lapis_block reason=crafted output appeared in inventory
RESET /clear @s
RESET /kill @e[type=item,distance=..16]
RESET clean inventory before item 86

PLAN 86/799 item=minecraft:slime_block resources=[9xminecraft:slime_ball, 1xminecraft:crafting_table] leafPlanFailures=[]
GIVE /give @s minecraft:slime_ball 9
GIVE /give @s minecraft:crafting_table 1
PASS item=minecraft:slime_block reason=crafted output appeared in inventory
RESET /clear @s
RESET /kill @e[type=item,distance=..16]
RESET clean inventory before item 87

PLAN 87/799 item=minecraft:melon resources=[9xminecraft:melon_slice, 1xminecraft:crafting_table] leafPlanFailures=[]
GIVE /give @s minecraft:melon_slice 9
GIVE /give @s minecraft:crafting_table 1
PASS item=minecraft:melon reason=crafted output appeared in inventory
RESET /clear @s
RESET /kill @e[type=item,distance=..16]
RESET clean inventory before item 88

PLAN 88/799 item=minecraft:glowstone resources=[4xminecraft:glowstone_dust] leafPlanFailures=[]
GIVE /give @s minecraft:glowstone_dust 4
PASS item=minecraft:glowstone reason=crafted output appeared in inventory
RESET /clear @s
RESET /kill @e[type=item,distance=..16]
RESET clean inventory before item 89

PLAN 89/799 item=minecraft:clay resources=[4xminecraft:clay_ball] leafPlanFailures=[]
GIVE /give @s minecraft:clay_ball 4
PASS item=minecraft:clay reason=crafted output appeared in inventory
RESET /clear @s
RESET /kill @e[type=item,distance=..16]
RESET clean inventory before item 90

PLAN 90/799 item=minecraft:netherite_ingot resources=[4xminecraft:netherite_scrap, 4xminecraft:gold_ingot, 1xminecraft:crafting_table] leafPlanFailures=[]
GIVE /give @s minecraft:netherite_scrap 4
GIVE /give @s minecraft:gold_ingot 4
GIVE /give @s minecraft:crafting_table 1
PASS item=minecraft:netherite_ingot reason=crafted output appeared in inventory
RESET /clear @s
RESET /kill @e[type=item,distance=..16]
RESET clean inventory before item 91

PLAN 91/799 item=minecraft:gold_nugget resources=[1xminecraft:gold_ingot, 1xminecraft:crafting_table] leafPlanFailures=[]
GIVE /give @s minecraft:gold_ingot 1
GIVE /give @s minecraft:crafting_table 1
PASS item=minecraft:gold_nugget reason=crafted output appeared in inventory
RESET /clear @s
RESET /kill @e[type=item,distance=..16]
RESET clean inventory before item 92

PLAN 92/799 item=minecraft:glistering_melon_slice resources=[8xminecraft:gold_nugget, 1xminecraft:melon_slice, 1xminecraft:crafting_table] leafPlanFailures=[]
GIVE /give @s minecraft:gold_nugget 8
GIVE /give @s minecraft:melon_slice 1
GIVE /give @s minecraft:crafting_table 1
PASS item=minecraft:glistering_melon_slice reason=crafted output appeared in inventory
RESET /clear @s
RESET /kill @e[type=item,distance=..16]
RESET clean inventory before item 93

PLAN 93/799 item=minecraft:sugar resources=[1xminecraft:honey_bottle, 1xminecraft:crafting_table] leafPlanFailures=[]
GIVE /give @s minecraft:honey_bottle 1
GIVE /give @s minecraft:crafting_table 1
PASS item=minecraft:sugar reason=crafted output appeared in inventory
RESET /clear @s
RESET /kill @e[type=item,distance=..16]
RESET clean inventory before item 94

PLAN 94/799 item=minecraft:bone_meal resources=[1xminecraft:bone, 1xminecraft:crafting_table] leafPlanFailures=[]
GIVE /give @s minecraft:bone 1
GIVE /give @s minecraft:crafting_table 1
PASS item=minecraft:bone_meal reason=crafted output appeared in inventory
RESET /clear @s
RESET /kill @e[type=item,distance=..16]
RESET clean inventory before item 95

PLAN 95/799 item=minecraft:melon_seeds resources=[1xminecraft:melon_slice, 1xminecraft:crafting_table] leafPlanFailures=[]
GIVE /give @s minecraft:melon_slice 1
GIVE /give @s minecraft:crafting_table 1
PASS item=minecraft:melon_seeds reason=crafted output appeared in inventory
RESET /clear @s
RESET /kill @e[type=item,distance=..16]
RESET clean inventory before item 96

PLAN 96/799 item=minecraft:bamboo_block resources=[9xminecraft:bamboo, 1xminecraft:crafting_table] leafPlanFailures=[]
GIVE /give @s minecraft:bamboo 9
GIVE /give @s minecraft:crafting_table 1
PASS item=minecraft:bamboo_block reason=crafted output appeared in inventory
RESET /clear @s
RESET /kill @e[type=item,distance=..16]
RESET clean inventory before item 97

PLAN 97/799 item=minecraft:hay_block resources=[9xminecraft:wheat, 1xminecraft:crafting_table] leafPlanFailures=[]
GIVE /give @s minecraft:wheat 9
GIVE /give @s minecraft:crafting_table 1
PASS item=minecraft:hay_block reason=crafted output appeared in inventory
RESET /clear @s
RESET /kill @e[type=item,distance=..16]
RESET clean inventory before item 98

PLAN 98/799 item=minecraft:polished_andesite resources=[4xminecraft:andesite] leafPlanFailures=[]
GIVE /give @s minecraft:andesite 4
PASS item=minecraft:polished_andesite reason=crafted output appeared in inventory
RESET /clear @s
RESET /kill @e[type=item,distance=..16]
RESET clean inventory before item 99

PLAN 99/799 item=minecraft:polished_diorite resources=[4xminecraft:diorite] leafPlanFailures=[]
GIVE /give @s minecraft:diorite 4
PASS item=minecraft:polished_diorite reason=crafted output appeared in inventory
RESET /clear @s
RESET /kill @e[type=item,distance=..16]
RESET clean inventory before item 100

PLAN 100/799 item=minecraft:polished_granite resources=[4xminecraft:granite] leafPlanFailures=[]
GIVE /give @s minecraft:granite 4
PASS item=minecraft:polished_granite reason=crafted output appeared in inventory
RESET /clear @s
RESET /kill @e[type=item,distance=..16]
RESET clean inventory before item 101

PLAN 101/799 item=minecraft:quartz_block resources=[4xminecraft:quartz] leafPlanFailures=[]
GIVE /give @s minecraft:quartz 4
PASS item=minecraft:quartz_block reason=crafted output appeared in inventory
RESET /clear @s
RESET /kill @e[type=item,distance=..16]
RESET clean inventory before item 102

PLAN 102/799 item=minecraft:polished_blackstone resources=[4xminecraft:blackstone] leafPlanFailures=[]
GIVE /give @s minecraft:blackstone 4
PASS item=minecraft:polished_blackstone reason=crafted output appeared in inventory
RESET /clear @s
RESET /kill @e[type=item,distance=..16]
RESET clean inventory before item 103

PLAN 103/799 item=minecraft:polished_blackstone_bricks resources=[4xminecraft:polished_blackstone] leafPlanFailures=[]
GIVE /give @s minecraft:polished_blackstone 4
PASS item=minecraft:polished_blackstone_bricks reason=crafted output appeared in inventory
RESET /clear @s
RESET /kill @e[type=item,distance=..16]
RESET clean inventory before item 104

PLAN 104/799 item=minecraft:polished_basalt resources=[4xminecraft:basalt] leafPlanFailures=[]
GIVE /give @s minecraft:basalt 4
PASS item=minecraft:polished_basalt reason=crafted output appeared in inventory
RESET /clear @s
RESET /kill @e[type=item,distance=..16]
RESET clean inventory before item 105

PLAN 105/799 item=minecraft:polished_deepslate resources=[4xminecraft:cobbled_deepslate] leafPlanFailures=[]
GIVE /give @s minecraft:cobbled_deepslate 4
PASS item=minecraft:polished_deepslate reason=crafted output appeared in inventory
RESET /clear @s
RESET /kill @e[type=item,distance=..16]
RESET clean inventory before item 106

PLAN 106/799 item=minecraft:deepslate_bricks resources=[4xminecraft:polished_deepslate] leafPlanFailures=[]
GIVE /give @s minecraft:polished_deepslate 4
PASS item=minecraft:deepslate_bricks reason=crafted output appeared in inventory
RESET /clear @s
RESET /kill @e[type=item,distance=..16]
RESET clean inventory before item 107

PLAN 107/799 item=minecraft:deepslate_tiles resources=[4xminecraft:deepslate_bricks] leafPlanFailures=[]
GIVE /give @s minecraft:deepslate_bricks 4
PASS item=minecraft:deepslate_tiles reason=crafted output appeared in inventory
RESET /clear @s
RESET /kill @e[type=item,distance=..16]
RESET clean inventory before item 108

PLAN 108/799 item=minecraft:cut_copper resources=[4xminecraft:copper_block] leafPlanFailures=[]
GIVE /give @s minecraft:copper_block 4
PASS item=minecraft:cut_copper reason=crafted output appeared in inventory
RESET /clear @s
RESET /kill @e[type=item,distance=..16]
RESET clean inventory before item 109

PLAN 109/799 item=minecraft:cut_sandstone resources=[4xminecraft:sandstone] leafPlanFailures=[]
GIVE /give @s minecraft:sandstone 4
PASS item=minecraft:cut_sandstone reason=crafted output appeared in inventory
RESET /clear @s
RESET /kill @e[type=item,distance=..16]
RESET clean inventory before item 110

PLAN 110/799 item=minecraft:cut_red_sandstone resources=[4xminecraft:red_sandstone] leafPlanFailures=[]
GIVE /give @s minecraft:red_sandstone 4
PASS item=minecraft:cut_red_sandstone reason=crafted output appeared in inventory
RESET /clear @s
RESET /kill @e[type=item,distance=..16]
RESET clean inventory before item 111

PLAN 111/799 item=minecraft:quartz_bricks resources=[4xminecraft:quartz_block] leafPlanFailures=[]
GIVE /give @s minecraft:quartz_block 4
PASS item=minecraft:quartz_bricks reason=crafted output appeared in inventory
RESET /clear @s
RESET /kill @e[type=item,distance=..16]
RESET clean inventory before item 112

PLAN 112/799 item=minecraft:quartz_pillar resources=[2xminecraft:quartz_block] leafPlanFailures=[]
GIVE /give @s minecraft:quartz_block 2
PASS item=minecraft:quartz_pillar reason=crafted output appeared in inventory
RESET /clear @s
RESET /kill @e[type=item,distance=..16]
RESET clean inventory before item 113

PLAN 113/799 item=minecraft:stone_bricks resources=[4xminecraft:stone] leafPlanFailures=[]
GIVE /give @s minecraft:stone 4
PASS item=minecraft:stone_bricks reason=crafted output appeared in inventory
RESET /clear @s
RESET /kill @e[type=item,distance=..16]
RESET clean inventory before item 114

PLAN 114/799 item=minecraft:mossy_stone_bricks resources=[1xminecraft:stone_bricks, 1xminecraft:moss_block, 1xminecraft:crafting_table] leafPlanFailures=[]
GIVE /give @s minecraft:stone_bricks 1
GIVE /give @s minecraft:moss_block 1
GIVE /give @s minecraft:crafting_table 1
PASS item=minecraft:mossy_stone_bricks reason=crafted output appeared in inventory
RESET /clear @s
RESET /kill @e[type=item,distance=..16]
RESET clean inventory before item 115

PLAN 115/799 item=minecraft:mossy_cobblestone resources=[1xminecraft:cobblestone, 1xminecraft:moss_block, 1xminecraft:crafting_table] leafPlanFailures=[]
GIVE /give @s minecraft:cobblestone 1
GIVE /give @s minecraft:moss_block 1
GIVE /give @s minecraft:crafting_table 1
PASS item=minecraft:mossy_cobblestone reason=crafted output appeared in inventory
RESET /clear @s
RESET /kill @e[type=item,distance=..16]
RESET clean inventory before item 116

PLAN 116/799 item=minecraft:nether_bricks resources=[4xminecraft:nether_brick] leafPlanFailures=[]
GIVE /give @s minecraft:nether_brick 4
PASS item=minecraft:nether_bricks reason=crafted output appeared in inventory
RESET /clear @s
RESET /kill @e[type=item,distance=..16]
RESET clean inventory before item 117

PLAN 117/799 item=minecraft:red_nether_bricks resources=[2xminecraft:nether_brick, 2xminecraft:nether_wart] leafPlanFailures=[]
GIVE /give @s minecraft:nether_brick 2
GIVE /give @s minecraft:nether_wart 2
PASS item=minecraft:red_nether_bricks reason=crafted output appeared in inventory
RESET /clear @s
RESET /kill @e[type=item,distance=..16]
RESET clean inventory before item 118

PLAN 118/799 item=minecraft:nether_brick_fence resources=[4xminecraft:nether_bricks, 2xminecraft:nether_brick, 1xminecraft:crafting_table] leafPlanFailures=[]
GIVE /give @s minecraft:nether_bricks 4
GIVE /give @s minecraft:nether_brick 2
GIVE /give @s minecraft:crafting_table 1
PASS item=minecraft:nether_brick_fence reason=crafted output appeared in inventory
RESET /clear @s
RESET /kill @e[type=item,distance=..16]
RESET clean inventory before item 119

PLAN 119/799 item=minecraft:brush resources=[1xminecraft:feather, 1xminecraft:copper_ingot, 1xminecraft:stick, 1xminecraft:crafting_table] leafPlanFailures=[]
GIVE /give @s minecraft:feather 1
GIVE /give @s minecraft:copper_ingot 1
GIVE /give @s minecraft:stick 1
GIVE /give @s minecraft:crafting_table 1
PASS item=minecraft:brush reason=crafted output appeared in inventory
RESET /clear @s
RESET /kill @e[type=item,distance=..16]
RESET clean inventory before item 120

PLAN 120/799 item=minecraft:paper resources=[3xminecraft:sugar_cane, 1xminecraft:crafting_table] leafPlanFailures=[]
GIVE /give @s minecraft:sugar_cane 3
GIVE /give @s minecraft:crafting_table 1
PASS item=minecraft:paper reason=crafted output appeared in inventory
RESET /clear @s
RESET /kill @e[type=item,distance=..16]
RESET clean inventory before item 121

PLAN 121/799 item=minecraft:book resources=[3xminecraft:paper, 1xminecraft:leather, 1xminecraft:crafting_table] leafPlanFailures=[]
GIVE /give @s minecraft:paper 3
GIVE /give @s minecraft:leather 1
GIVE /give @s minecraft:crafting_table 1
PASS item=minecraft:book reason=crafted output appeared in inventory
RESET /clear @s
RESET /kill @e[type=item,distance=..16]
RESET clean inventory before item 122

PLAN 122/799 item=minecraft:writable_book resources=[1xminecraft:book, 1xminecraft:ink_sac, 1xminecraft:feather, 1xminecraft:crafting_table] leafPlanFailures=[]
GIVE /give @s minecraft:book 1
GIVE /give @s minecraft:ink_sac 1
GIVE /give @s minecraft:feather 1
GIVE /give @s minecraft:crafting_table 1
PASS item=minecraft:writable_book reason=crafted output appeared in inventory
RESET /clear @s
RESET /kill @e[type=item,distance=..16]
RESET clean inventory before item 123

PLAN 123/799 item=minecraft:bowl resources=[3xminecraft:acacia_planks, 1xminecraft:crafting_table] leafPlanFailures=[]
GIVE /give @s minecraft:acacia_planks 3
GIVE /give @s minecraft:crafting_table 1
PASS item=minecraft:bowl reason=crafted output appeared in inventory
RESET /clear @s
RESET /kill @e[type=item,distance=..16]
RESET clean inventory before item 124

PLAN 124/799 item=minecraft:blaze_powder resources=[1xminecraft:blaze_rod, 1xminecraft:crafting_table] leafPlanFailures=[]
GIVE /give @s minecraft:blaze_rod 1
GIVE /give @s minecraft:crafting_table 1
PASS item=minecraft:blaze_powder reason=crafted output appeared in inventory
RESET /clear @s
RESET /kill @e[type=item,distance=..16]
RESET clean inventory before item 125

PLAN 125/799 item=minecraft:ender_eye resources=[1xminecraft:ender_pearl, 1xminecraft:blaze_powder, 1xminecraft:crafting_table] leafPlanFailures=[]
GIVE /give @s minecraft:ender_pearl 1
GIVE /give @s minecraft:blaze_powder 1
GIVE /give @s minecraft:crafting_table 1
PASS item=minecraft:ender_eye reason=crafted output appeared in inventory
RESET /clear @s
RESET /kill @e[type=item,distance=..16]
RESET clean inventory before item 126

PLAN 126/799 item=minecraft:fermented_spider_eye resources=[1xminecraft:spider_eye, 1xminecraft:brown_mushroom, 1xminecraft:sugar, 1xminecraft:crafting_table] leafPlanFailures=[]
GIVE /give @s minecraft:spider_eye 1
GIVE /give @s minecraft:brown_mushroom 1
GIVE /give @s minecraft:sugar 1
GIVE /give @s minecraft:crafting_table 1
PASS item=minecraft:fermented_spider_eye reason=crafted output appeared in inventory
RESET /clear @s
RESET /kill @e[type=item,distance=..16]
RESET clean inventory before item 127

PLAN 127/799 item=minecraft:fire_charge resources=[1xminecraft:gunpowder, 1xminecraft:blaze_powder, 1xminecraft:coal, 1xminecraft:crafting_table] leafPlanFailures=[]
GIVE /give @s minecraft:gunpowder 1
GIVE /give @s minecraft:blaze_powder 1
GIVE /give @s minecraft:coal 1
GIVE /give @s minecraft:crafting_table 1
PASS item=minecraft:fire_charge reason=crafted output appeared in inventory
RESET /clear @s
RESET /kill @e[type=item,distance=..16]
RESET clean inventory before item 128

PLAN 128/799 item=minecraft:flower_banner_pattern resources=[1xminecraft:paper, 1xminecraft:oxeye_daisy, 1xminecraft:crafting_table] leafPlanFailures=[]
GIVE /give @s minecraft:paper 1
GIVE /give @s minecraft:oxeye_daisy 1
GIVE /give @s minecraft:crafting_table 1
PASS item=minecraft:flower_banner_pattern reason=crafted output appeared in inventory
RESET /clear @s
RESET /kill @e[type=item,distance=..16]
RESET clean inventory before item 129

PLAN 129/799 item=minecraft:magma_cream resources=[1xminecraft:blaze_powder, 1xminecraft:slime_ball, 1xminecraft:crafting_table] leafPlanFailures=[]
GIVE /give @s minecraft:blaze_powder 1
GIVE /give @s minecraft:slime_ball 1
GIVE /give @s minecraft:crafting_table 1
PASS item=minecraft:magma_cream reason=crafted output appeared in inventory
RESET /clear @s
RESET /kill @e[type=item,distance=..16]
RESET clean inventory before item 130

PLAN 130/799 item=minecraft:cobblestone_slab resources=[3xminecraft:cobblestone, 1xminecraft:crafting_table] leafPlanFailures=[]
GIVE /give @s minecraft:cobblestone 3
GIVE /give @s minecraft:crafting_table 1
PASS item=minecraft:cobblestone_slab reason=crafted output appeared in inventory
RESET /clear @s
RESET /kill @e[type=item,distance=..16]
RESET clean inventory before item 131

PLAN 131/799 item=minecraft:cobblestone_stairs resources=[6xminecraft:cobblestone, 1xminecraft:crafting_table] leafPlanFailures=[]
GIVE /give @s minecraft:cobblestone 6
GIVE /give @s minecraft:crafting_table 1
PASS item=minecraft:cobblestone_stairs reason=crafted output appeared in inventory
RESET /clear @s
RESET /kill @e[type=item,distance=..16]
RESET clean inventory before item 132

PLAN 132/799 item=minecraft:cobblestone_wall resources=[6xminecraft:cobblestone, 1xminecraft:crafting_table] leafPlanFailures=[]
GIVE /give @s minecraft:cobblestone 6
GIVE /give @s minecraft:crafting_table 1
PASS item=minecraft:cobblestone_wall reason=crafted output appeared in inventory
RESET /clear @s
RESET /kill @e[type=item,distance=..16]
RESET clean inventory before item 133

PLAN 133/799 item=minecraft:stone_slab resources=[3xminecraft:stone, 1xminecraft:crafting_table] leafPlanFailures=[]
GIVE /give @s minecraft:stone 3
GIVE /give @s minecraft:crafting_table 1
PASS item=minecraft:stone_slab reason=crafted output appeared in inventory
RESET /clear @s
RESET /kill @e[type=item,distance=..16]
RESET clean inventory before item 134

PLAN 134/799 item=minecraft:stone_stairs resources=[6xminecraft:stone, 1xminecraft:crafting_table] leafPlanFailures=[]
GIVE /give @s minecraft:stone 6
GIVE /give @s minecraft:crafting_table 1
PASS item=minecraft:stone_stairs reason=crafted output appeared in inventory
RESET /clear @s
RESET /kill @e[type=item,distance=..16]
RESET clean inventory before item 135

PLAN 135/799 item=minecraft:smooth_stone_slab resources=[3xminecraft:smooth_stone, 1xminecraft:crafting_table] leafPlanFailures=[]
GIVE /give @s minecraft:smooth_stone 3
GIVE /give @s minecraft:crafting_table 1
PASS item=minecraft:smooth_stone_slab reason=crafted output appeared in inventory
RESET /clear @s
RESET /kill @e[type=item,distance=..16]
RESET clean inventory before item 136

PLAN 136/799 item=minecraft:stone_brick_slab resources=[3xminecraft:stone_bricks, 1xminecraft:crafting_table] leafPlanFailures=[]
GIVE /give @s minecraft:stone_bricks 3
GIVE /give @s minecraft:crafting_table 1
PASS item=minecraft:stone_brick_slab reason=crafted output appeared in inventory
RESET /clear @s
RESET /kill @e[type=item,distance=..16]
RESET clean inventory before item 137

PLAN 137/799 item=minecraft:stone_brick_stairs resources=[6xminecraft:stone_bricks, 1xminecraft:crafting_table] leafPlanFailures=[]
GIVE /give @s minecraft:stone_bricks 6
GIVE /give @s minecraft:crafting_table 1
PASS item=minecraft:stone_brick_stairs reason=crafted output appeared in inventory
RESET /clear @s
RESET /kill @e[type=item,distance=..16]
RESET clean inventory before item 138

PLAN 138/799 item=minecraft:stone_brick_wall resources=[6xminecraft:stone_bricks, 1xminecraft:crafting_table] leafPlanFailures=[]
GIVE /give @s minecraft:stone_bricks 6
GIVE /give @s minecraft:crafting_table 1
PASS item=minecraft:stone_brick_wall reason=crafted output appeared in inventory
RESET /clear @s
RESET /kill @e[type=item,distance=..16]
RESET clean inventory before item 139

PLAN 139/799 item=minecraft:mossy_stone_brick_slab resources=[3xminecraft:mossy_stone_bricks, 1xminecraft:crafting_table] leafPlanFailures=[]
GIVE /give @s minecraft:mossy_stone_bricks 3
GIVE /give @s minecraft:crafting_table 1
PASS item=minecraft:mossy_stone_brick_slab reason=crafted output appeared in inventory
RESET /clear @s
RESET /kill @e[type=item,distance=..16]
RESET clean inventory before item 140

PLAN 140/799 item=minecraft:mossy_stone_brick_stairs resources=[6xminecraft:mossy_stone_bricks, 1xminecraft:crafting_table] leafPlanFailures=[]
GIVE /give @s minecraft:mossy_stone_bricks 6
GIVE /give @s minecraft:crafting_table 1
PASS item=minecraft:mossy_stone_brick_stairs reason=crafted output appeared in inventory
RESET /clear @s
RESET /kill @e[type=item,distance=..16]
RESET clean inventory before item 141

PLAN 141/799 item=minecraft:mossy_stone_brick_wall resources=[6xminecraft:mossy_stone_bricks, 1xminecraft:crafting_table] leafPlanFailures=[]
GIVE /give @s minecraft:mossy_stone_bricks 6
GIVE /give @s minecraft:crafting_table 1
PASS item=minecraft:mossy_stone_brick_wall reason=crafted output appeared in inventory
RESET /clear @s
RESET /kill @e[type=item,distance=..16]
RESET clean inventory before item 142

PLAN 142/799 item=minecraft:mossy_cobblestone_slab resources=[3xminecraft:mossy_cobblestone, 1xminecraft:crafting_table] leafPlanFailures=[]
GIVE /give @s minecraft:mossy_cobblestone 3
GIVE /give @s minecraft:crafting_table 1
PASS item=minecraft:mossy_cobblestone_slab reason=crafted output appeared in inventory
RESET /clear @s
RESET /kill @e[type=item,distance=..16]
RESET clean inventory before item 143

PLAN 143/799 item=minecraft:mossy_cobblestone_stairs resources=[6xminecraft:mossy_cobblestone, 1xminecraft:crafting_table] leafPlanFailures=[]
GIVE /give @s minecraft:mossy_cobblestone 6
GIVE /give @s minecraft:crafting_table 1
PASS item=minecraft:mossy_cobblestone_stairs reason=crafted output appeared in inventory
RESET /clear @s
RESET /kill @e[type=item,distance=..16]
RESET clean inventory before item 144

PLAN 144/799 item=minecraft:mossy_cobblestone_wall resources=[6xminecraft:mossy_cobblestone, 1xminecraft:crafting_table] leafPlanFailures=[]
GIVE /give @s minecraft:mossy_cobblestone 6
GIVE /give @s minecraft:crafting_table 1
PASS item=minecraft:mossy_cobblestone_wall reason=crafted output appeared in inventory
RESET /clear @s
RESET /kill @e[type=item,distance=..16]
RESET clean inventory before item 145

PLAN 145/799 item=minecraft:andesite_slab resources=[3xminecraft:andesite, 1xminecraft:crafting_table] leafPlanFailures=[]
GIVE /give @s minecraft:andesite 3
GIVE /give @s minecraft:crafting_table 1
PASS item=minecraft:andesite_slab reason=crafted output appeared in inventory
RESET /clear @s
RESET /kill @e[type=item,distance=..16]
RESET clean inventory before item 146

PLAN 146/799 item=minecraft:andesite_stairs resources=[6xminecraft:andesite, 1xminecraft:crafting_table] leafPlanFailures=[]
GIVE /give @s minecraft:andesite 6
GIVE /give @s minecraft:crafting_table 1
PASS item=minecraft:andesite_stairs reason=crafted output appeared in inventory
RESET /clear @s
RESET /kill @e[type=item,distance=..16]
RESET clean inventory before item 147

PLAN 147/799 item=minecraft:andesite_wall resources=[6xminecraft:andesite, 1xminecraft:crafting_table] leafPlanFailures=[]
GIVE /give @s minecraft:andesite 6
GIVE /give @s minecraft:crafting_table 1
PASS item=minecraft:andesite_wall reason=crafted output appeared in inventory
RESET /clear @s
RESET /kill @e[type=item,distance=..16]
RESET clean inventory before item 148

PLAN 148/799 item=minecraft:granite_slab resources=[3xminecraft:granite, 1xminecraft:crafting_table] leafPlanFailures=[]
GIVE /give @s minecraft:granite 3
GIVE /give @s minecraft:crafting_table 1
PASS item=minecraft:granite_slab reason=crafted output appeared in inventory
RESET /clear @s
RESET /kill @e[type=item,distance=..16]
RESET clean inventory before item 149

PLAN 149/799 item=minecraft:granite_stairs resources=[6xminecraft:granite, 1xminecraft:crafting_table] leafPlanFailures=[]
GIVE /give @s minecraft:granite 6
GIVE /give @s minecraft:crafting_table 1
PASS item=minecraft:granite_stairs reason=crafted output appeared in inventory
RESET /clear @s
RESET /kill @e[type=item,distance=..16]
RESET clean inventory before item 150

PLAN 150/799 item=minecraft:granite_wall resources=[6xminecraft:granite, 1xminecraft:crafting_table] leafPlanFailures=[]
GIVE /give @s minecraft:granite 6
GIVE /give @s minecraft:crafting_table 1
PASS item=minecraft:granite_wall reason=crafted output appeared in inventory
RESET /clear @s
RESET /kill @e[type=item,distance=..16]
RESET clean inventory before item 151

PLAN 151/799 item=minecraft:diorite_slab resources=[3xminecraft:diorite, 1xminecraft:crafting_table] leafPlanFailures=[]
GIVE /give @s minecraft:diorite 3
GIVE /give @s minecraft:crafting_table 1
PASS item=minecraft:diorite_slab reason=crafted output appeared in inventory
RESET /clear @s
RESET /kill @e[type=item,distance=..16]
RESET clean inventory before item 152

PLAN 152/799 item=minecraft:diorite_stairs resources=[6xminecraft:diorite, 1xminecraft:crafting_table] leafPlanFailures=[]
GIVE /give @s minecraft:diorite 6
GIVE /give @s minecraft:crafting_table 1
PASS item=minecraft:diorite_stairs reason=crafted output appeared in inventory
RESET /clear @s
RESET /kill @e[type=item,distance=..16]
RESET clean inventory before item 153

PLAN 153/799 item=minecraft:diorite_wall resources=[6xminecraft:diorite, 1xminecraft:crafting_table] leafPlanFailures=[]
GIVE /give @s minecraft:diorite 6
GIVE /give @s minecraft:crafting_table 1
PASS item=minecraft:diorite_wall reason=crafted output appeared in inventory
RESET /clear @s
RESET /kill @e[type=item,distance=..16]
RESET clean inventory before item 154

PLAN 154/799 item=minecraft:polished_andesite_slab resources=[3xminecraft:polished_andesite, 1xminecraft:crafting_table] leafPlanFailures=[]
GIVE /give @s minecraft:polished_andesite 3
GIVE /give @s minecraft:crafting_table 1
PASS item=minecraft:polished_andesite_slab reason=crafted output appeared in inventory
RESET /clear @s
RESET /kill @e[type=item,distance=..16]
RESET clean inventory before item 155

PLAN 155/799 item=minecraft:polished_andesite_stairs resources=[6xminecraft:polished_andesite, 1xminecraft:crafting_table] leafPlanFailures=[]
GIVE /give @s minecraft:polished_andesite 6
GIVE /give @s minecraft:crafting_table 1
PASS item=minecraft:polished_andesite_stairs reason=crafted output appeared in inventory
RESET /clear @s
RESET /kill @e[type=item,distance=..16]
RESET clean inventory before item 156

PLAN 156/799 item=minecraft:polished_granite_slab resources=[3xminecraft:polished_granite, 1xminecraft:crafting_table] leafPlanFailures=[]
GIVE /give @s minecraft:polished_granite 3
GIVE /give @s minecraft:crafting_table 1
PASS item=minecraft:polished_granite_slab reason=crafted output appeared in inventory
RESET /clear @s
RESET /kill @e[type=item,distance=..16]
RESET clean inventory before item 157

PLAN 157/799 item=minecraft:polished_granite_stairs resources=[6xminecraft:polished_granite, 1xminecraft:crafting_table] leafPlanFailures=[]
GIVE /give @s minecraft:polished_granite 6
GIVE /give @s minecraft:crafting_table 1
PASS item=minecraft:polished_granite_stairs reason=crafted output appeared in inventory
RESET /clear @s
RESET /kill @e[type=item,distance=..16]
RESET clean inventory before item 158

PLAN 158/799 item=minecraft:polished_diorite_slab resources=[3xminecraft:polished_diorite, 1xminecraft:crafting_table] leafPlanFailures=[]
GIVE /give @s minecraft:polished_diorite 3
GIVE /give @s minecraft:crafting_table 1
PASS item=minecraft:polished_diorite_slab reason=crafted output appeared in inventory
RESET /clear @s
RESET /kill @e[type=item,distance=..16]
RESET clean inventory before item 159

PLAN 159/799 item=minecraft:polished_diorite_stairs resources=[6xminecraft:polished_diorite, 1xminecraft:crafting_table] leafPlanFailures=[]
GIVE /give @s minecraft:polished_diorite 6
GIVE /give @s minecraft:crafting_table 1
PASS item=minecraft:polished_diorite_stairs reason=crafted output appeared in inventory
RESET /clear @s
RESET /kill @e[type=item,distance=..16]
RESET clean inventory before item 160

PLAN 160/799 item=minecraft:sandstone_slab resources=[3xminecraft:chiseled_sandstone, 1xminecraft:crafting_table] leafPlanFailures=[]
GIVE /give @s minecraft:chiseled_sandstone 3
GIVE /give @s minecraft:crafting_table 1
PASS item=minecraft:sandstone_slab reason=crafted output appeared in inventory
RESET /clear @s
RESET /kill @e[type=item,distance=..16]
RESET clean inventory before item 161

PLAN 161/799 item=minecraft:sandstone_stairs resources=[6xminecraft:cut_sandstone, 1xminecraft:crafting_table] leafPlanFailures=[]
GIVE /give @s minecraft:cut_sandstone 6
GIVE /give @s minecraft:crafting_table 1
PASS item=minecraft:sandstone_stairs reason=crafted output appeared in inventory
RESET /clear @s
RESET /kill @e[type=item,distance=..16]
RESET clean inventory before item 162

PLAN 162/799 item=minecraft:sandstone_wall resources=[6xminecraft:sandstone, 1xminecraft:crafting_table] leafPlanFailures=[]
GIVE /give @s minecraft:sandstone 6
GIVE /give @s minecraft:crafting_table 1
PASS item=minecraft:sandstone_wall reason=crafted output appeared in inventory
RESET /clear @s
RESET /kill @e[type=item,distance=..16]
RESET clean inventory before item 163

PLAN 163/799 item=minecraft:cut_sandstone_slab resources=[3xminecraft:cut_sandstone, 1xminecraft:crafting_table] leafPlanFailures=[]
GIVE /give @s minecraft:cut_sandstone 3
GIVE /give @s minecraft:crafting_table 1
PASS item=minecraft:cut_sandstone_slab reason=crafted output appeared in inventory
RESET /clear @s
RESET /kill @e[type=item,distance=..16]
RESET clean inventory before item 164

PLAN 164/799 item=minecraft:smooth_sandstone_slab resources=[3xminecraft:smooth_sandstone, 1xminecraft:crafting_table] leafPlanFailures=[]
GIVE /give @s minecraft:smooth_sandstone 3
GIVE /give @s minecraft:crafting_table 1
PASS item=minecraft:smooth_sandstone_slab reason=crafted output appeared in inventory
RESET /clear @s
RESET /kill @e[type=item,distance=..16]
RESET clean inventory before item 165

PLAN 165/799 item=minecraft:smooth_sandstone_stairs resources=[6xminecraft:smooth_sandstone, 1xminecraft:crafting_table] leafPlanFailures=[]
GIVE /give @s minecraft:smooth_sandstone 6
GIVE /give @s minecraft:crafting_table 1
PASS item=minecraft:smooth_sandstone_stairs reason=crafted output appeared in inventory
RESET /clear @s
RESET /kill @e[type=item,distance=..16]
RESET clean inventory before item 166

PLAN 166/799 item=minecraft:red_sandstone_slab resources=[3xminecraft:chiseled_red_sandstone, 1xminecraft:crafting_table] leafPlanFailures=[]
GIVE /give @s minecraft:chiseled_red_sandstone 3
GIVE /give @s minecraft:crafting_table 1
PASS item=minecraft:red_sandstone_slab reason=crafted output appeared in inventory
RESET /clear @s
RESET /kill @e[type=item,distance=..16]
RESET clean inventory before item 167

PLAN 167/799 item=minecraft:red_sandstone_stairs resources=[6xminecraft:cut_red_sandstone, 1xminecraft:crafting_table] leafPlanFailures=[]
GIVE /give @s minecraft:cut_red_sandstone 6
GIVE /give @s minecraft:crafting_table 1
PASS item=minecraft:red_sandstone_stairs reason=crafted output appeared in inventory
RESET /clear @s
RESET /kill @e[type=item,distance=..16]
RESET clean inventory before item 168

PLAN 168/799 item=minecraft:red_sandstone_wall resources=[6xminecraft:red_sandstone, 1xminecraft:crafting_table] leafPlanFailures=[]
GIVE /give @s minecraft:red_sandstone 6
GIVE /give @s minecraft:crafting_table 1
PASS item=minecraft:red_sandstone_wall reason=crafted output appeared in inventory
RESET /clear @s
RESET /kill @e[type=item,distance=..16]
RESET clean inventory before item 169

PLAN 169/799 item=minecraft:cut_red_sandstone_slab resources=[3xminecraft:cut_red_sandstone, 1xminecraft:crafting_table] leafPlanFailures=[]
GIVE /give @s minecraft:cut_red_sandstone 3
GIVE /give @s minecraft:crafting_table 1
PASS item=minecraft:cut_red_sandstone_slab reason=crafted output appeared in inventory
RESET /clear @s
RESET /kill @e[type=item,distance=..16]
RESET clean inventory before item 170

PLAN 170/799 item=minecraft:smooth_red_sandstone_slab resources=[3xminecraft:smooth_red_sandstone, 1xminecraft:crafting_table] leafPlanFailures=[]
GIVE /give @s minecraft:smooth_red_sandstone 3
GIVE /give @s minecraft:crafting_table 1
PASS item=minecraft:smooth_red_sandstone_slab reason=crafted output appeared in inventory
RESET /clear @s
RESET /kill @e[type=item,distance=..16]
RESET clean inventory before item 171

PLAN 171/799 item=minecraft:smooth_red_sandstone_stairs resources=[6xminecraft:smooth_red_sandstone, 1xminecraft:crafting_table] leafPlanFailures=[]
GIVE /give @s minecraft:smooth_red_sandstone 6
GIVE /give @s minecraft:crafting_table 1
PASS item=minecraft:smooth_red_sandstone_stairs reason=crafted output appeared in inventory
RESET /clear @s
RESET /kill @e[type=item,distance=..16]
RESET clean inventory before item 172

PLAN 172/799 item=minecraft:nether_brick_slab resources=[3xminecraft:nether_bricks, 1xminecraft:crafting_table] leafPlanFailures=[]
GIVE /give @s minecraft:nether_bricks 3
GIVE /give @s minecraft:crafting_table 1
PASS item=minecraft:nether_brick_slab reason=crafted output appeared in inventory
RESET /clear @s
RESET /kill @e[type=item,distance=..16]
RESET clean inventory before item 173

PLAN 173/799 item=minecraft:nether_brick_stairs resources=[6xminecraft:nether_bricks, 1xminecraft:crafting_table] leafPlanFailures=[]
GIVE /give @s minecraft:nether_bricks 6
GIVE /give @s minecraft:crafting_table 1
PASS item=minecraft:nether_brick_stairs reason=crafted output appeared in inventory
RESET /clear @s
RESET /kill @e[type=item,distance=..16]
RESET clean inventory before item 174

PLAN 174/799 item=minecraft:nether_brick_wall resources=[6xminecraft:nether_bricks, 1xminecraft:crafting_table] leafPlanFailures=[]
GIVE /give @s minecraft:nether_bricks 6
GIVE /give @s minecraft:crafting_table 1
PASS item=minecraft:nether_brick_wall reason=crafted output appeared in inventory
RESET /clear @s
RESET /kill @e[type=item,distance=..16]
RESET clean inventory before item 175

PLAN 175/799 item=minecraft:red_nether_brick_slab resources=[3xminecraft:red_nether_bricks, 1xminecraft:crafting_table] leafPlanFailures=[]
GIVE /give @s minecraft:red_nether_bricks 3
GIVE /give @s minecraft:crafting_table 1
PASS item=minecraft:red_nether_brick_slab reason=crafted output appeared in inventory
RESET /clear @s
RESET /kill @e[type=item,distance=..16]
RESET clean inventory before item 176

PLAN 176/799 item=minecraft:red_nether_brick_stairs resources=[6xminecraft:red_nether_bricks, 1xminecraft:crafting_table] leafPlanFailures=[]
GIVE /give @s minecraft:red_nether_bricks 6
GIVE /give @s minecraft:crafting_table 1
PASS item=minecraft:red_nether_brick_stairs reason=crafted output appeared in inventory
RESET /clear @s
RESET /kill @e[type=item,distance=..16]
RESET clean inventory before item 177

PLAN 177/799 item=minecraft:red_nether_brick_wall resources=[6xminecraft:red_nether_bricks, 1xminecraft:crafting_table] leafPlanFailures=[]
GIVE /give @s minecraft:red_nether_bricks 6
GIVE /give @s minecraft:crafting_table 1
PASS item=minecraft:red_nether_brick_wall reason=crafted output appeared in inventory
RESET /clear @s
RESET /kill @e[type=item,distance=..16]
RESET clean inventory before item 178

PLAN 178/799 item=minecraft:quartz_slab resources=[3xminecraft:quartz_pillar, 1xminecraft:crafting_table] leafPlanFailures=[]
GIVE /give @s minecraft:quartz_pillar 3
GIVE /give @s minecraft:crafting_table 1
PASS item=minecraft:quartz_slab reason=crafted output appeared in inventory
RESET /clear @s
RESET /kill @e[type=item,distance=..16]
RESET clean inventory before item 179

PLAN 179/799 item=minecraft:quartz_stairs resources=[6xminecraft:quartz_pillar, 1xminecraft:crafting_table] leafPlanFailures=[]
GIVE /give @s minecraft:quartz_pillar 6
GIVE /give @s minecraft:crafting_table 1
PASS item=minecraft:quartz_stairs reason=crafted output appeared in inventory
RESET /clear @s
RESET /kill @e[type=item,distance=..16]
RESET clean inventory before item 180

PLAN 180/799 item=minecraft:smooth_quartz_slab resources=[3xminecraft:smooth_quartz, 1xminecraft:crafting_table] leafPlanFailures=[]
GIVE /give @s minecraft:smooth_quartz 3
GIVE /give @s minecraft:crafting_table 1
PASS item=minecraft:smooth_quartz_slab reason=crafted output appeared in inventory
RESET /clear @s
RESET /kill @e[type=item,distance=..16]
RESET clean inventory before item 181

PLAN 181/799 item=minecraft:smooth_quartz_stairs resources=[6xminecraft:smooth_quartz, 1xminecraft:crafting_table] leafPlanFailures=[]
GIVE /give @s minecraft:smooth_quartz 6
GIVE /give @s minecraft:crafting_table 1
PASS item=minecraft:smooth_quartz_stairs reason=crafted output appeared in inventory
RESET /clear @s
RESET /kill @e[type=item,distance=..16]
RESET clean inventory before item 182

PLAN 182/799 item=minecraft:blackstone_slab resources=[3xminecraft:blackstone, 1xminecraft:crafting_table] leafPlanFailures=[]
GIVE /give @s minecraft:blackstone 3
GIVE /give @s minecraft:crafting_table 1
PASS item=minecraft:blackstone_slab reason=crafted output appeared in inventory
RESET /clear @s
RESET /kill @e[type=item,distance=..16]
RESET clean inventory before item 183

PLAN 183/799 item=minecraft:blackstone_stairs resources=[6xminecraft:blackstone, 1xminecraft:crafting_table] leafPlanFailures=[]
GIVE /give @s minecraft:blackstone 6
GIVE /give @s minecraft:crafting_table 1
PASS item=minecraft:blackstone_stairs reason=crafted output appeared in inventory
RESET /clear @s
RESET /kill @e[type=item,distance=..16]
RESET clean inventory before item 184

PLAN 184/799 item=minecraft:blackstone_wall resources=[6xminecraft:blackstone, 1xminecraft:crafting_table] leafPlanFailures=[]
GIVE /give @s minecraft:blackstone 6
GIVE /give @s minecraft:crafting_table 1
PASS item=minecraft:blackstone_wall reason=crafted output appeared in inventory
RESET /clear @s
RESET /kill @e[type=item,distance=..16]
RESET clean inventory before item 185

PLAN 185/799 item=minecraft:polished_blackstone_slab resources=[3xminecraft:polished_blackstone, 1xminecraft:crafting_table] leafPlanFailures=[]
GIVE /give @s minecraft:polished_blackstone 3
GIVE /give @s minecraft:crafting_table 1
PASS item=minecraft:polished_blackstone_slab reason=crafted output appeared in inventory
RESET /clear @s
RESET /kill @e[type=item,distance=..16]
RESET clean inventory before item 186

PLAN 186/799 item=minecraft:polished_blackstone_stairs resources=[6xminecraft:polished_blackstone, 1xminecraft:crafting_table] leafPlanFailures=[]
GIVE /give @s minecraft:polished_blackstone 6
GIVE /give @s minecraft:crafting_table 1
PASS item=minecraft:polished_blackstone_stairs reason=crafted output appeared in inventory
RESET /clear @s
RESET /kill @e[type=item,distance=..16]
RESET clean inventory before item 187

PLAN 187/799 item=minecraft:polished_blackstone_wall resources=[6xminecraft:polished_blackstone, 1xminecraft:crafting_table] leafPlanFailures=[]
GIVE /give @s minecraft:polished_blackstone 6
GIVE /give @s minecraft:crafting_table 1
PASS item=minecraft:polished_blackstone_wall reason=crafted output appeared in inventory
RESET /clear @s
RESET /kill @e[type=item,distance=..16]
RESET clean inventory before item 188

PLAN 188/799 item=minecraft:polished_blackstone_brick_slab resources=[3xminecraft:polished_blackstone_bricks, 1xminecraft:crafting_table] leafPlanFailures=[]
GIVE /give @s minecraft:polished_blackstone_bricks 3
GIVE /give @s minecraft:crafting_table 1
PASS item=minecraft:polished_blackstone_brick_slab reason=crafted output appeared in inventory
RESET /clear @s
RESET /kill @e[type=item,distance=..16]
RESET clean inventory before item 189

PLAN 189/799 item=minecraft:polished_blackstone_brick_stairs resources=[6xminecraft:polished_blackstone_bricks, 1xminecraft:crafting_table] leafPlanFailures=[]
GIVE /give @s minecraft:polished_blackstone_bricks 6
GIVE /give @s minecraft:crafting_table 1
PASS item=minecraft:polished_blackstone_brick_stairs reason=crafted output appeared in inventory
RESET /clear @s
RESET /kill @e[type=item,distance=..16]
RESET clean inventory before item 190

PLAN 190/799 item=minecraft:polished_blackstone_brick_wall resources=[6xminecraft:polished_blackstone_bricks, 1xminecraft:crafting_table] leafPlanFailures=[]
GIVE /give @s minecraft:polished_blackstone_bricks 6
GIVE /give @s minecraft:crafting_table 1
PASS item=minecraft:polished_blackstone_brick_wall reason=crafted output appeared in inventory
RESET /clear @s
RESET /kill @e[type=item,distance=..16]
RESET clean inventory before item 191

PLAN 191/799 item=minecraft:cut_copper_slab resources=[3xminecraft:cut_copper, 1xminecraft:crafting_table] leafPlanFailures=[]
GIVE /give @s minecraft:cut_copper 3
GIVE /give @s minecraft:crafting_table 1
PASS item=minecraft:cut_copper_slab reason=crafted output appeared in inventory
RESET /clear @s
RESET /kill @e[type=item,distance=..16]
RESET clean inventory before item 192

PLAN 192/799 item=minecraft:cut_copper_stairs resources=[6xminecraft:cut_copper, 1xminecraft:crafting_table] leafPlanFailures=[]
GIVE /give @s minecraft:cut_copper 6
GIVE /give @s minecraft:crafting_table 1
PASS item=minecraft:cut_copper_stairs reason=crafted output appeared in inventory
RESET /clear @s
RESET /kill @e[type=item,distance=..16]
RESET clean inventory before item 193

PLAN 193/799 item=minecraft:cobbled_deepslate_slab resources=[3xminecraft:cobbled_deepslate, 1xminecraft:crafting_table] leafPlanFailures=[]
GIVE /give @s minecraft:cobbled_deepslate 3
GIVE /give @s minecraft:crafting_table 1
PASS item=minecraft:cobbled_deepslate_slab reason=crafted output appeared in inventory
RESET /clear @s
RESET /kill @e[type=item,distance=..16]
RESET clean inventory before item 194

PLAN 194/799 item=minecraft:cobbled_deepslate_stairs resources=[6xminecraft:cobbled_deepslate, 1xminecraft:crafting_table] leafPlanFailures=[]
GIVE /give @s minecraft:cobbled_deepslate 6
GIVE /give @s minecraft:crafting_table 1
PASS item=minecraft:cobbled_deepslate_stairs reason=crafted output appeared in inventory
RESET /clear @s
RESET /kill @e[type=item,distance=..16]
RESET clean inventory before item 195

PLAN 195/799 item=minecraft:cobbled_deepslate_wall resources=[6xminecraft:cobbled_deepslate, 1xminecraft:crafting_table] leafPlanFailures=[]
GIVE /give @s minecraft:cobbled_deepslate 6
GIVE /give @s minecraft:crafting_table 1
PASS item=minecraft:cobbled_deepslate_wall reason=crafted output appeared in inventory
RESET /clear @s
RESET /kill @e[type=item,distance=..16]
RESET clean inventory before item 196

PLAN 196/799 item=minecraft:polished_deepslate_slab resources=[3xminecraft:polished_deepslate, 1xminecraft:crafting_table] leafPlanFailures=[]
GIVE /give @s minecraft:polished_deepslate 3
GIVE /give @s minecraft:crafting_table 1
PASS item=minecraft:polished_deepslate_slab reason=crafted output appeared in inventory
RESET /clear @s
RESET /kill @e[type=item,distance=..16]
RESET clean inventory before item 197

PLAN 197/799 item=minecraft:polished_deepslate_stairs resources=[6xminecraft:polished_deepslate, 1xminecraft:crafting_table] leafPlanFailures=[]
GIVE /give @s minecraft:polished_deepslate 6
GIVE /give @s minecraft:crafting_table 1
PASS item=minecraft:polished_deepslate_stairs reason=crafted output appeared in inventory
RESET /clear @s
RESET /kill @e[type=item,distance=..16]
RESET clean inventory before item 198

PLAN 198/799 item=minecraft:polished_deepslate_wall resources=[6xminecraft:polished_deepslate, 1xminecraft:crafting_table] leafPlanFailures=[]
GIVE /give @s minecraft:polished_deepslate 6
GIVE /give @s minecraft:crafting_table 1
PASS item=minecraft:polished_deepslate_wall reason=crafted output appeared in inventory
RESET /clear @s
RESET /kill @e[type=item,distance=..16]
RESET clean inventory before item 199

PLAN 199/799 item=minecraft:deepslate_brick_slab resources=[3xminecraft:deepslate_bricks, 1xminecraft:crafting_table] leafPlanFailures=[]
GIVE /give @s minecraft:deepslate_bricks 3
GIVE /give @s minecraft:crafting_table 1
PASS item=minecraft:deepslate_brick_slab reason=crafted output appeared in inventory
RESET /clear @s
RESET /kill @e[type=item,distance=..16]
RESET clean inventory before item 200

PLAN 200/799 item=minecraft:deepslate_brick_stairs resources=[6xminecraft:deepslate_bricks, 1xminecraft:crafting_table] leafPlanFailures=[]
GIVE /give @s minecraft:deepslate_bricks 6
GIVE /give @s minecraft:crafting_table 1
PASS item=minecraft:deepslate_brick_stairs reason=crafted output appeared in inventory
RESET /clear @s
RESET /kill @e[type=item,distance=..16]
RESET clean inventory before item 201

PLAN 201/799 item=minecraft:deepslate_brick_wall resources=[6xminecraft:deepslate_bricks, 1xminecraft:crafting_table] leafPlanFailures=[]
GIVE /give @s minecraft:deepslate_bricks 6
GIVE /give @s minecraft:crafting_table 1
PASS item=minecraft:deepslate_brick_wall reason=crafted output appeared in inventory
RESET /clear @s
RESET /kill @e[type=item,distance=..16]
RESET clean inventory before item 202

PLAN 202/799 item=minecraft:deepslate_tile_slab resources=[3xminecraft:deepslate_tiles, 1xminecraft:crafting_table] leafPlanFailures=[]
GIVE /give @s minecraft:deepslate_tiles 3
GIVE /give @s minecraft:crafting_table 1
PASS item=minecraft:deepslate_tile_slab reason=crafted output appeared in inventory
RESET /clear @s
RESET /kill @e[type=item,distance=..16]
RESET clean inventory before item 203

PLAN 203/799 item=minecraft:deepslate_tile_stairs resources=[6xminecraft:deepslate_tiles, 1xminecraft:crafting_table] leafPlanFailures=[]
GIVE /give @s minecraft:deepslate_tiles 6
GIVE /give @s minecraft:crafting_table 1
PASS item=minecraft:deepslate_tile_stairs reason=crafted output appeared in inventory
RESET /clear @s
RESET /kill @e[type=item,distance=..16]
RESET clean inventory before item 204

PLAN 204/799 item=minecraft:deepslate_tile_wall resources=[6xminecraft:deepslate_tiles, 1xminecraft:crafting_table] leafPlanFailures=[]
GIVE /give @s minecraft:deepslate_tiles 6
GIVE /give @s minecraft:crafting_table 1
PASS item=minecraft:deepslate_tile_wall reason=crafted output appeared in inventory
RESET /clear @s
RESET /kill @e[type=item,distance=..16]
RESET clean inventory before item 205

PLAN 205/799 item=minecraft:chiseled_sandstone resources=[2xminecraft:sandstone_slab] leafPlanFailures=[]
GIVE /give @s minecraft:sandstone_slab 2
PASS item=minecraft:chiseled_sandstone reason=crafted output appeared in inventory
RESET /clear @s
RESET /kill @e[type=item,distance=..16]
RESET clean inventory before item 206

PLAN 206/799 item=minecraft:chiseled_red_sandstone resources=[2xminecraft:red_sandstone_slab] leafPlanFailures=[]
GIVE /give @s minecraft:red_sandstone_slab 2
PASS item=minecraft:chiseled_red_sandstone reason=crafted output appeared in inventory
RESET /clear @s
RESET /kill @e[type=item,distance=..16]
RESET clean inventory before item 207

PLAN 207/799 item=minecraft:chiseled_stone_bricks resources=[2xminecraft:stone_brick_slab] leafPlanFailures=[]
GIVE /give @s minecraft:stone_brick_slab 2
PASS item=minecraft:chiseled_stone_bricks reason=crafted output appeared in inventory
RESET /clear @s
RESET /kill @e[type=item,distance=..16]
RESET clean inventory before item 208

PLAN 208/799 item=minecraft:chiseled_nether_bricks resources=[2xminecraft:nether_brick_slab] leafPlanFailures=[]
GIVE /give @s minecraft:nether_brick_slab 2
PASS item=minecraft:chiseled_nether_bricks reason=crafted output appeared in inventory
RESET /clear @s
RESET /kill @e[type=item,distance=..16]
RESET clean inventory before item 209

PLAN 209/799 item=minecraft:chiseled_quartz_block resources=[2xminecraft:quartz_slab] leafPlanFailures=[]
GIVE /give @s minecraft:quartz_slab 2
PASS item=minecraft:chiseled_quartz_block reason=crafted output appeared in inventory
RESET /clear @s
RESET /kill @e[type=item,distance=..16]
RESET clean inventory before item 210

PLAN 210/799 item=minecraft:chiseled_deepslate resources=[2xminecraft:cobbled_deepslate_slab] leafPlanFailures=[]
GIVE /give @s minecraft:cobbled_deepslate_slab 2
PASS item=minecraft:chiseled_deepslate reason=crafted output appeared in inventory
RESET /clear @s
RESET /kill @e[type=item,distance=..16]
RESET clean inventory before item 211

PLAN 211/799 item=minecraft:wooden_pickaxe resources=[3xminecraft:acacia_planks, 2xminecraft:stick, 1xminecraft:crafting_table] leafPlanFailures=[]
GIVE /give @s minecraft:acacia_planks 3
GIVE /give @s minecraft:stick 2
GIVE /give @s minecraft:crafting_table 1
PASS item=minecraft:wooden_pickaxe reason=crafted output appeared in inventory
RESET /clear @s
RESET /kill @e[type=item,distance=..16]
RESET clean inventory before item 212

PLAN 212/799 item=minecraft:wooden_shovel resources=[1xminecraft:acacia_planks, 2xminecraft:stick, 1xminecraft:crafting_table] leafPlanFailures=[]
GIVE /give @s minecraft:acacia_planks 1
GIVE /give @s minecraft:stick 2
GIVE /give @s minecraft:crafting_table 1
PASS item=minecraft:wooden_shovel reason=crafted output appeared in inventory
RESET /clear @s
RESET /kill @e[type=item,distance=..16]
RESET clean inventory before item 213

PLAN 213/799 item=minecraft:wooden_sword resources=[2xminecraft:acacia_planks, 1xminecraft:stick, 1xminecraft:crafting_table] leafPlanFailures=[]
GIVE /give @s minecraft:acacia_planks 2
GIVE /give @s minecraft:stick 1
GIVE /give @s minecraft:crafting_table 1
PASS item=minecraft:wooden_sword reason=crafted output appeared in inventory
RESET /clear @s
RESET /kill @e[type=item,distance=..16]
RESET clean inventory before item 214

PLAN 214/799 item=minecraft:wooden_axe resources=[3xminecraft:acacia_planks, 2xminecraft:stick, 1xminecraft:crafting_table] leafPlanFailures=[]
GIVE /give @s minecraft:acacia_planks 3
GIVE /give @s minecraft:stick 2
GIVE /give @s minecraft:crafting_table 1
PASS item=minecraft:wooden_axe reason=crafted output appeared in inventory
RESET /clear @s
RESET /kill @e[type=item,distance=..16]
RESET clean inventory before item 215

PLAN 215/799 item=minecraft:wooden_hoe resources=[2xminecraft:acacia_planks, 2xminecraft:stick, 1xminecraft:crafting_table] leafPlanFailures=[]
GIVE /give @s minecraft:acacia_planks 2
GIVE /give @s minecraft:stick 2
GIVE /give @s minecraft:crafting_table 1
PASS item=minecraft:wooden_hoe reason=crafted output appeared in inventory
RESET /clear @s
RESET /kill @e[type=item,distance=..16]
RESET clean inventory before item 216

PLAN 216/799 item=minecraft:stone_pickaxe resources=[3xminecraft:cobbled_deepslate, 2xminecraft:stick, 1xminecraft:crafting_table] leafPlanFailures=[]
GIVE /give @s minecraft:cobbled_deepslate 3
GIVE /give @s minecraft:stick 2
GIVE /give @s minecraft:crafting_table 1
PASS item=minecraft:stone_pickaxe reason=crafted output appeared in inventory
RESET /clear @s
RESET /kill @e[type=item,distance=..16]
RESET clean inventory before item 217

PLAN 217/799 item=minecraft:stone_shovel resources=[1xminecraft:cobbled_deepslate, 2xminecraft:stick, 1xminecraft:crafting_table] leafPlanFailures=[]
GIVE /give @s minecraft:cobbled_deepslate 1
GIVE /give @s minecraft:stick 2
GIVE /give @s minecraft:crafting_table 1
PASS item=minecraft:stone_shovel reason=crafted output appeared in inventory
RESET /clear @s
RESET /kill @e[type=item,distance=..16]
RESET clean inventory before item 218

PLAN 218/799 item=minecraft:stone_sword resources=[2xminecraft:cobbled_deepslate, 1xminecraft:stick, 1xminecraft:crafting_table] leafPlanFailures=[]
GIVE /give @s minecraft:cobbled_deepslate 2
GIVE /give @s minecraft:stick 1
GIVE /give @s minecraft:crafting_table 1
PASS item=minecraft:stone_sword reason=crafted output appeared in inventory
RESET /clear @s
RESET /kill @e[type=item,distance=..16]
RESET clean inventory before item 219

PLAN 219/799 item=minecraft:stone_axe resources=[3xminecraft:cobbled_deepslate, 2xminecraft:stick, 1xminecraft:crafting_table] leafPlanFailures=[]
GIVE /give @s minecraft:cobbled_deepslate 3
GIVE /give @s minecraft:stick 2
GIVE /give @s minecraft:crafting_table 1
PASS item=minecraft:stone_axe reason=crafted output appeared in inventory
RESET /clear @s
RESET /kill @e[type=item,distance=..16]
RESET clean inventory before item 220

PLAN 220/799 item=minecraft:stone_hoe resources=[2xminecraft:cobbled_deepslate, 2xminecraft:stick, 1xminecraft:crafting_table] leafPlanFailures=[]
GIVE /give @s minecraft:cobbled_deepslate 2
GIVE /give @s minecraft:stick 2
GIVE /give @s minecraft:crafting_table 1
PASS item=minecraft:stone_hoe reason=crafted output appeared in inventory
RESET /clear @s
RESET /kill @e[type=item,distance=..16]
RESET clean inventory before item 221

PLAN 221/799 item=minecraft:iron_pickaxe resources=[3xminecraft:iron_ingot, 2xminecraft:stick, 1xminecraft:crafting_table] leafPlanFailures=[]
GIVE /give @s minecraft:iron_ingot 3
GIVE /give @s minecraft:stick 2
GIVE /give @s minecraft:crafting_table 1
PASS item=minecraft:iron_pickaxe reason=crafted output appeared in inventory
RESET /clear @s
RESET /kill @e[type=item,distance=..16]
RESET clean inventory before item 222

PLAN 222/799 item=minecraft:iron_shovel resources=[1xminecraft:iron_ingot, 2xminecraft:stick, 1xminecraft:crafting_table] leafPlanFailures=[]
GIVE /give @s minecraft:iron_ingot 1
GIVE /give @s minecraft:stick 2
GIVE /give @s minecraft:crafting_table 1
PASS item=minecraft:iron_shovel reason=crafted output appeared in inventory
RESET /clear @s
RESET /kill @e[type=item,distance=..16]
RESET clean inventory before item 223

PLAN 223/799 item=minecraft:iron_sword resources=[2xminecraft:iron_ingot, 1xminecraft:stick, 1xminecraft:crafting_table] leafPlanFailures=[]
GIVE /give @s minecraft:iron_ingot 2
GIVE /give @s minecraft:stick 1
GIVE /give @s minecraft:crafting_table 1
PASS item=minecraft:iron_sword reason=crafted output appeared in inventory
RESET /clear @s
RESET /kill @e[type=item,distance=..16]
RESET clean inventory before item 224

PLAN 224/799 item=minecraft:iron_axe resources=[3xminecraft:iron_ingot, 2xminecraft:stick, 1xminecraft:crafting_table] leafPlanFailures=[]
GIVE /give @s minecraft:iron_ingot 3
GIVE /give @s minecraft:stick 2
GIVE /give @s minecraft:crafting_table 1
PASS item=minecraft:iron_axe reason=crafted output appeared in inventory
RESET /clear @s
RESET /kill @e[type=item,distance=..16]
RESET clean inventory before item 225

PLAN 225/799 item=minecraft:iron_hoe resources=[2xminecraft:iron_ingot, 2xminecraft:stick, 1xminecraft:crafting_table] leafPlanFailures=[]
GIVE /give @s minecraft:iron_ingot 2
GIVE /give @s minecraft:stick 2
GIVE /give @s minecraft:crafting_table 1
PASS item=minecraft:iron_hoe reason=crafted output appeared in inventory
RESET /clear @s
RESET /kill @e[type=item,distance=..16]
RESET clean inventory before item 226

PLAN 226/799 item=minecraft:golden_pickaxe resources=[3xminecraft:gold_ingot, 2xminecraft:stick, 1xminecraft:crafting_table] leafPlanFailures=[]
GIVE /give @s minecraft:gold_ingot 3
GIVE /give @s minecraft:stick 2
GIVE /give @s minecraft:crafting_table 1
PASS item=minecraft:golden_pickaxe reason=crafted output appeared in inventory
RESET /clear @s
RESET /kill @e[type=item,distance=..16]
RESET clean inventory before item 227

PLAN 227/799 item=minecraft:golden_shovel resources=[1xminecraft:gold_ingot, 2xminecraft:stick, 1xminecraft:crafting_table] leafPlanFailures=[]
GIVE /give @s minecraft:gold_ingot 1
GIVE /give @s minecraft:stick 2
GIVE /give @s minecraft:crafting_table 1
PASS item=minecraft:golden_shovel reason=crafted output appeared in inventory
RESET /clear @s
RESET /kill @e[type=item,distance=..16]
RESET clean inventory before item 228

PLAN 228/799 item=minecraft:golden_sword resources=[2xminecraft:gold_ingot, 1xminecraft:stick, 1xminecraft:crafting_table] leafPlanFailures=[]
GIVE /give @s minecraft:gold_ingot 2
GIVE /give @s minecraft:stick 1
GIVE /give @s minecraft:crafting_table 1
PASS item=minecraft:golden_sword reason=crafted output appeared in inventory
RESET /clear @s
RESET /kill @e[type=item,distance=..16]
RESET clean inventory before item 229

PLAN 229/799 item=minecraft:golden_axe resources=[3xminecraft:gold_ingot, 2xminecraft:stick, 1xminecraft:crafting_table] leafPlanFailures=[]
GIVE /give @s minecraft:gold_ingot 3
GIVE /give @s minecraft:stick 2
GIVE /give @s minecraft:crafting_table 1
PASS item=minecraft:golden_axe reason=crafted output appeared in inventory
RESET /clear @s
RESET /kill @e[type=item,distance=..16]
RESET clean inventory before item 230

PLAN 230/799 item=minecraft:golden_hoe resources=[2xminecraft:gold_ingot, 2xminecraft:stick, 1xminecraft:crafting_table] leafPlanFailures=[]
GIVE /give @s minecraft:gold_ingot 2
GIVE /give @s minecraft:stick 2
GIVE /give @s minecraft:crafting_table 1
PASS item=minecraft:golden_hoe reason=crafted output appeared in inventory
RESET /clear @s
RESET /kill @e[type=item,distance=..16]
RESET clean inventory before item 231

PLAN 231/799 item=minecraft:diamond_pickaxe resources=[3xminecraft:diamond, 2xminecraft:stick, 1xminecraft:crafting_table] leafPlanFailures=[]
GIVE /give @s minecraft:diamond 3
GIVE /give @s minecraft:stick 2
GIVE /give @s minecraft:crafting_table 1
PASS item=minecraft:diamond_pickaxe reason=crafted output appeared in inventory
RESET /clear @s
RESET /kill @e[type=item,distance=..16]
RESET clean inventory before item 232

PLAN 232/799 item=minecraft:diamond_shovel resources=[1xminecraft:diamond, 2xminecraft:stick, 1xminecraft:crafting_table] leafPlanFailures=[]
GIVE /give @s minecraft:diamond 1
GIVE /give @s minecraft:stick 2
GIVE /give @s minecraft:crafting_table 1
PASS item=minecraft:diamond_shovel reason=crafted output appeared in inventory
RESET /clear @s
RESET /kill @e[type=item,distance=..16]
RESET clean inventory before item 233

PLAN 233/799 item=minecraft:diamond_sword resources=[2xminecraft:diamond, 1xminecraft:stick, 1xminecraft:crafting_table] leafPlanFailures=[]
GIVE /give @s minecraft:diamond 2
GIVE /give @s minecraft:stick 1
GIVE /give @s minecraft:crafting_table 1
PASS item=minecraft:diamond_sword reason=crafted output appeared in inventory
RESET /clear @s
RESET /kill @e[type=item,distance=..16]
RESET clean inventory before item 234

PLAN 234/799 item=minecraft:diamond_axe resources=[3xminecraft:diamond, 2xminecraft:stick, 1xminecraft:crafting_table] leafPlanFailures=[]
GIVE /give @s minecraft:diamond 3
GIVE /give @s minecraft:stick 2
GIVE /give @s minecraft:crafting_table 1
PASS item=minecraft:diamond_axe reason=crafted output appeared in inventory
RESET /clear @s
RESET /kill @e[type=item,distance=..16]
RESET clean inventory before item 235

PLAN 235/799 item=minecraft:diamond_hoe resources=[2xminecraft:diamond, 2xminecraft:stick, 1xminecraft:crafting_table] leafPlanFailures=[]
GIVE /give @s minecraft:diamond 2
GIVE /give @s minecraft:stick 2
GIVE /give @s minecraft:crafting_table 1
PASS item=minecraft:diamond_hoe reason=crafted output appeared in inventory
RESET /clear @s
RESET /kill @e[type=item,distance=..16]
RESET clean inventory before item 236

PLAN 236/799 item=minecraft:leather_helmet resources=[5xminecraft:leather, 1xminecraft:crafting_table] leafPlanFailures=[]
GIVE /give @s minecraft:leather 5
GIVE /give @s minecraft:crafting_table 1
PASS item=minecraft:leather_helmet reason=crafted output appeared in inventory
RESET /clear @s
RESET /kill @e[type=item,distance=..16]
RESET clean inventory before item 237

PLAN 237/799 item=minecraft:leather_chestplate resources=[8xminecraft:leather, 1xminecraft:crafting_table] leafPlanFailures=[]
GIVE /give @s minecraft:leather 8
GIVE /give @s minecraft:crafting_table 1
PASS item=minecraft:leather_chestplate reason=crafted output appeared in inventory
RESET /clear @s
RESET /kill @e[type=item,distance=..16]
RESET clean inventory before item 238

PLAN 238/799 item=minecraft:leather_leggings resources=[7xminecraft:leather, 1xminecraft:crafting_table] leafPlanFailures=[]
GIVE /give @s minecraft:leather 7
GIVE /give @s minecraft:crafting_table 1
PASS item=minecraft:leather_leggings reason=crafted output appeared in inventory
RESET /clear @s
RESET /kill @e[type=item,distance=..16]
RESET clean inventory before item 239

PLAN 239/799 item=minecraft:leather_boots resources=[4xminecraft:leather, 1xminecraft:crafting_table] leafPlanFailures=[]
GIVE /give @s minecraft:leather 4
GIVE /give @s minecraft:crafting_table 1
PASS item=minecraft:leather_boots reason=crafted output appeared in inventory
RESET /clear @s
RESET /kill @e[type=item,distance=..16]
RESET clean inventory before item 240

PLAN 240/799 item=minecraft:iron_helmet resources=[5xminecraft:iron_ingot, 1xminecraft:crafting_table] leafPlanFailures=[]
GIVE /give @s minecraft:iron_ingot 5
GIVE /give @s minecraft:crafting_table 1
PASS item=minecraft:iron_helmet reason=crafted output appeared in inventory
RESET /clear @s
RESET /kill @e[type=item,distance=..16]
RESET clean inventory before item 241

PLAN 241/799 item=minecraft:iron_chestplate resources=[8xminecraft:iron_ingot, 1xminecraft:crafting_table] leafPlanFailures=[]
GIVE /give @s minecraft:iron_ingot 8
GIVE /give @s minecraft:crafting_table 1
PASS item=minecraft:iron_chestplate reason=crafted output appeared in inventory
RESET /clear @s
RESET /kill @e[type=item,distance=..16]
RESET clean inventory before item 242

PLAN 242/799 item=minecraft:iron_leggings resources=[7xminecraft:iron_ingot, 1xminecraft:crafting_table] leafPlanFailures=[]
GIVE /give @s minecraft:iron_ingot 7
GIVE /give @s minecraft:crafting_table 1
PASS item=minecraft:iron_leggings reason=crafted output appeared in inventory
RESET /clear @s
RESET /kill @e[type=item,distance=..16]
RESET clean inventory before item 243

PLAN 243/799 item=minecraft:iron_boots resources=[4xminecraft:iron_ingot, 1xminecraft:crafting_table] leafPlanFailures=[]
GIVE /give @s minecraft:iron_ingot 4
GIVE /give @s minecraft:crafting_table 1
PASS item=minecraft:iron_boots reason=crafted output appeared in inventory
RESET /clear @s
RESET /kill @e[type=item,distance=..16]
RESET clean inventory before item 244

PLAN 244/799 item=minecraft:golden_helmet resources=[5xminecraft:gold_ingot, 1xminecraft:crafting_table] leafPlanFailures=[]
GIVE /give @s minecraft:gold_ingot 5
GIVE /give @s minecraft:crafting_table 1
PASS item=minecraft:golden_helmet reason=crafted output appeared in inventory
RESET /clear @s
RESET /kill @e[type=item,distance=..16]
RESET clean inventory before item 245

PLAN 245/799 item=minecraft:golden_chestplate resources=[8xminecraft:gold_ingot, 1xminecraft:crafting_table] leafPlanFailures=[]
GIVE /give @s minecraft:gold_ingot 8
GIVE /give @s minecraft:crafting_table 1
PASS item=minecraft:golden_chestplate reason=crafted output appeared in inventory
RESET /clear @s
RESET /kill @e[type=item,distance=..16]
RESET clean inventory before item 246

PLAN 246/799 item=minecraft:golden_leggings resources=[7xminecraft:gold_ingot, 1xminecraft:crafting_table] leafPlanFailures=[]
GIVE /give @s minecraft:gold_ingot 7
GIVE /give @s minecraft:crafting_table 1
PASS item=minecraft:golden_leggings reason=crafted output appeared in inventory
RESET /clear @s
RESET /kill @e[type=item,distance=..16]
RESET clean inventory before item 247

PLAN 247/799 item=minecraft:golden_boots resources=[4xminecraft:gold_ingot, 1xminecraft:crafting_table] leafPlanFailures=[]
GIVE /give @s minecraft:gold_ingot 4
GIVE /give @s minecraft:crafting_table 1
PASS item=minecraft:golden_boots reason=crafted output appeared in inventory
RESET /clear @s
RESET /kill @e[type=item,distance=..16]
RESET clean inventory before item 248

PLAN 248/799 item=minecraft:diamond_helmet resources=[5xminecraft:diamond, 1xminecraft:crafting_table] leafPlanFailures=[]
GIVE /give @s minecraft:diamond 5
GIVE /give @s minecraft:crafting_table 1
PASS item=minecraft:diamond_helmet reason=crafted output appeared in inventory
RESET /clear @s
RESET /kill @e[type=item,distance=..16]
RESET clean inventory before item 249

PLAN 249/799 item=minecraft:diamond_chestplate resources=[8xminecraft:diamond, 1xminecraft:crafting_table] leafPlanFailures=[]
GIVE /give @s minecraft:diamond 8
GIVE /give @s minecraft:crafting_table 1
PASS item=minecraft:diamond_chestplate reason=crafted output appeared in inventory
RESET /clear @s
RESET /kill @e[type=item,distance=..16]
RESET clean inventory before item 250

PLAN 250/799 item=minecraft:diamond_leggings resources=[7xminecraft:diamond, 1xminecraft:crafting_table] leafPlanFailures=[]
GIVE /give @s minecraft:diamond 7
GIVE /give @s minecraft:crafting_table 1
PASS item=minecraft:diamond_leggings reason=crafted output appeared in inventory
RESET /clear @s
RESET /kill @e[type=item,distance=..16]
RESET clean inventory before item 251

PLAN 251/799 item=minecraft:diamond_boots resources=[4xminecraft:diamond, 1xminecraft:crafting_table] leafPlanFailures=[]
GIVE /give @s minecraft:diamond 4
GIVE /give @s minecraft:crafting_table 1
PASS item=minecraft:diamond_boots reason=crafted output appeared in inventory
RESET /clear @s
RESET /kill @e[type=item,distance=..16]
RESET clean inventory before item 252

PLAN 252/799 item=minecraft:bow resources=[3xminecraft:stick, 3xminecraft:string, 1xminecraft:crafting_table] leafPlanFailures=[]
GIVE /give @s minecraft:stick 3
GIVE /give @s minecraft:string 3
GIVE /give @s minecraft:crafting_table 1
PASS item=minecraft:bow reason=crafted output appeared in inventory
RESET /clear @s
RESET /kill @e[type=item,distance=..16]
RESET clean inventory before item 253

PLAN 253/799 item=minecraft:arrow resources=[1xminecraft:flint, 1xminecraft:stick, 1xminecraft:feather, 1xminecraft:crafting_table] leafPlanFailures=[]
GIVE /give @s minecraft:flint 1
GIVE /give @s minecraft:stick 1
GIVE /give @s minecraft:feather 1
GIVE /give @s minecraft:crafting_table 1
PASS item=minecraft:arrow reason=crafted output appeared in inventory
RESET /clear @s
RESET /kill @e[type=item,distance=..16]
RESET clean inventory before item 254

PLAN 254/799 item=minecraft:bucket resources=[3xminecraft:iron_ingot, 1xminecraft:crafting_table] leafPlanFailures=[]
GIVE /give @s minecraft:iron_ingot 3
GIVE /give @s minecraft:crafting_table 1
PASS item=minecraft:bucket reason=crafted output appeared in inventory
RESET /clear @s
RESET /kill @e[type=item,distance=..16]
RESET clean inventory before item 255

PLAN 255/799 item=minecraft:flint_and_steel resources=[1xminecraft:iron_ingot, 1xminecraft:flint, 1xminecraft:crafting_table] leafPlanFailures=[]
GIVE /give @s minecraft:iron_ingot 1
GIVE /give @s minecraft:flint 1
GIVE /give @s minecraft:crafting_table 1
PASS item=minecraft:flint_and_steel reason=crafted output appeared in inventory
RESET /clear @s
RESET /kill @e[type=item,distance=..16]
RESET clean inventory before item 256

PLAN 256/799 item=minecraft:shears resources=[2xminecraft:iron_ingot] leafPlanFailures=[]
GIVE /give @s minecraft:iron_ingot 2
PASS item=minecraft:shears reason=crafted output appeared in inventory
RESET /clear @s
RESET /kill @e[type=item,distance=..16]
RESET clean inventory before item 257

PLAN 257/799 item=minecraft:iron_nugget resources=[1xminecraft:iron_ingot, 1xminecraft:crafting_table] leafPlanFailures=[]
GIVE /give @s minecraft:iron_ingot 1
GIVE /give @s minecraft:crafting_table 1
PASS item=minecraft:iron_nugget reason=crafted output appeared in inventory
RESET /clear @s
RESET /kill @e[type=item,distance=..16]
RESET clean inventory before item 258

PLAN 258/799 item=minecraft:compass resources=[4xminecraft:iron_ingot, 1xminecraft:redstone, 1xminecraft:crafting_table] leafPlanFailures=[]
GIVE /give @s minecraft:iron_ingot 4
GIVE /give @s minecraft:redstone 1
GIVE /give @s minecraft:crafting_table 1
PASS item=minecraft:compass reason=crafted output appeared in inventory
RESET /clear @s
RESET /kill @e[type=item,distance=..16]
RESET clean inventory before item 259

PLAN 259/799 item=minecraft:shield resources=[6xminecraft:acacia_planks, 1xminecraft:iron_ingot, 1xminecraft:crafting_table] leafPlanFailures=[]
GIVE /give @s minecraft:acacia_planks 6
GIVE /give @s minecraft:iron_ingot 1
GIVE /give @s minecraft:crafting_table 1
PASS item=minecraft:shield reason=crafted output appeared in inventory
RESET /clear @s
RESET /kill @e[type=item,distance=..16]
RESET clean inventory before item 260

PLAN 260/799 item=minecraft:clock resources=[4xminecraft:gold_ingot, 1xminecraft:redstone, 1xminecraft:crafting_table] leafPlanFailures=[]
GIVE /give @s minecraft:gold_ingot 4
GIVE /give @s minecraft:redstone 1
GIVE /give @s minecraft:crafting_table 1
PASS item=minecraft:clock reason=crafted output appeared in inventory
RESET /clear @s
RESET /kill @e[type=item,distance=..16]
RESET clean inventory before item 261

PLAN 261/799 item=minecraft:map resources=[8xminecraft:paper, 1xminecraft:compass, 1xminecraft:crafting_table] leafPlanFailures=[]
GIVE /give @s minecraft:paper 8
GIVE /give @s minecraft:compass 1
GIVE /give @s minecraft:crafting_table 1
PASS item=minecraft:map reason=crafted output appeared in inventory
RESET /clear @s
RESET /kill @e[type=item,distance=..16]
RESET clean inventory before item 262

PLAN 262/799 item=minecraft:fishing_rod resources=[3xminecraft:stick, 2xminecraft:string, 1xminecraft:crafting_table] leafPlanFailures=[]
GIVE /give @s minecraft:stick 3
GIVE /give @s minecraft:string 2
GIVE /give @s minecraft:crafting_table 1
PASS item=minecraft:fishing_rod reason=crafted output appeared in inventory
RESET /clear @s
RESET /kill @e[type=item,distance=..16]
RESET clean inventory before item 263

PLAN 263/799 item=minecraft:carrot_on_a_stick resources=[1xminecraft:fishing_rod, 1xminecraft:carrot] leafPlanFailures=[]
GIVE /give @s minecraft:fishing_rod 1
GIVE /give @s minecraft:carrot 1
PASS item=minecraft:carrot_on_a_stick reason=crafted output appeared in inventory
RESET /clear @s
RESET /kill @e[type=item,distance=..16]
RESET clean inventory before item 264

PLAN 264/799 item=minecraft:warped_fungus_on_a_stick resources=[1xminecraft:fishing_rod, 1xminecraft:warped_fungus] leafPlanFailures=[]
GIVE /give @s minecraft:fishing_rod 1
GIVE /give @s minecraft:warped_fungus 1
PASS item=minecraft:warped_fungus_on_a_stick reason=crafted output appeared in inventory
RESET /clear @s
RESET /kill @e[type=item,distance=..16]
RESET clean inventory before item 265

PLAN 265/799 item=minecraft:spyglass resources=[1xminecraft:amethyst_shard, 2xminecraft:copper_ingot, 1xminecraft:crafting_table] leafPlanFailures=[]
GIVE /give @s minecraft:amethyst_shard 1
GIVE /give @s minecraft:copper_ingot 2
GIVE /give @s minecraft:crafting_table 1
PASS item=minecraft:spyglass reason=crafted output appeared in inventory
RESET /clear @s
RESET /kill @e[type=item,distance=..16]
RESET clean inventory before item 266

PLAN 266/799 item=minecraft:glass_bottle resources=[3xminecraft:glass, 1xminecraft:crafting_table] leafPlanFailures=[]
GIVE /give @s minecraft:glass 3
GIVE /give @s minecraft:crafting_table 1
PASS item=minecraft:glass_bottle reason=crafted output appeared in inventory
RESET /clear @s
RESET /kill @e[type=item,distance=..16]
RESET clean inventory before item 267

PLAN 267/799 item=minecraft:leather_horse_armor resources=[7xminecraft:leather, 1xminecraft:crafting_table] leafPlanFailures=[]
GIVE /give @s minecraft:leather 7
GIVE /give @s minecraft:crafting_table 1
PASS item=minecraft:leather_horse_armor reason=crafted output appeared in inventory
RESET /clear @s
RESET /kill @e[type=item,distance=..16]
RESET clean inventory before item 268

PLAN 268/799 item=minecraft:acacia_boat resources=[5xminecraft:acacia_planks, 1xminecraft:crafting_table] leafPlanFailures=[]
GIVE /give @s minecraft:acacia_planks 5
GIVE /give @s minecraft:crafting_table 1
PASS item=minecraft:acacia_boat reason=crafted output appeared in inventory
RESET /clear @s
RESET /kill @e[type=item,distance=..16]
RESET clean inventory before item 269

PLAN 269/799 item=minecraft:birch_boat resources=[5xminecraft:birch_planks, 1xminecraft:crafting_table] leafPlanFailures=[]
GIVE /give @s minecraft:birch_planks 5
GIVE /give @s minecraft:crafting_table 1
PASS item=minecraft:birch_boat reason=crafted output appeared in inventory
RESET /clear @s
RESET /kill @e[type=item,distance=..16]
RESET clean inventory before item 270

PLAN 270/799 item=minecraft:dark_oak_boat resources=[5xminecraft:dark_oak_planks, 1xminecraft:crafting_table] leafPlanFailures=[]
GIVE /give @s minecraft:dark_oak_planks 5
GIVE /give @s minecraft:crafting_table 1
PASS item=minecraft:dark_oak_boat reason=crafted output appeared in inventory
RESET /clear @s
RESET /kill @e[type=item,distance=..16]
RESET clean inventory before item 271

PLAN 271/799 item=minecraft:oak_boat resources=[5xminecraft:oak_planks, 1xminecraft:crafting_table] leafPlanFailures=[]
GIVE /give @s minecraft:oak_planks 5
GIVE /give @s minecraft:crafting_table 1
PASS item=minecraft:oak_boat reason=crafted output appeared in inventory
RESET /clear @s
RESET /kill @e[type=item,distance=..16]
RESET clean inventory before item 272

PLAN 272/799 item=minecraft:jungle_boat resources=[5xminecraft:jungle_planks, 1xminecraft:crafting_table] leafPlanFailures=[]
GIVE /give @s minecraft:jungle_planks 5
GIVE /give @s minecraft:crafting_table 1
PASS item=minecraft:jungle_boat reason=crafted output appeared in inventory
RESET /clear @s
RESET /kill @e[type=item,distance=..16]
RESET clean inventory before item 273

PLAN 273/799 item=minecraft:spruce_boat resources=[5xminecraft:spruce_planks, 1xminecraft:crafting_table] leafPlanFailures=[]
GIVE /give @s minecraft:spruce_planks 5
GIVE /give @s minecraft:crafting_table 1
PASS item=minecraft:spruce_boat reason=crafted output appeared in inventory
RESET /clear @s
RESET /kill @e[type=item,distance=..16]
RESET clean inventory before item 274

PLAN 274/799 item=minecraft:mangrove_boat resources=[5xminecraft:mangrove_planks, 1xminecraft:crafting_table] leafPlanFailures=[]
GIVE /give @s minecraft:mangrove_planks 5
GIVE /give @s minecraft:crafting_table 1
PASS item=minecraft:mangrove_boat reason=crafted output appeared in inventory
RESET /clear @s
RESET /kill @e[type=item,distance=..16]
RESET clean inventory before item 275

PLAN 275/799 item=minecraft:cherry_boat resources=[5xminecraft:cherry_planks, 1xminecraft:crafting_table] leafPlanFailures=[]
GIVE /give @s minecraft:cherry_planks 5
GIVE /give @s minecraft:crafting_table 1
PASS item=minecraft:cherry_boat reason=crafted output appeared in inventory
RESET /clear @s
RESET /kill @e[type=item,distance=..16]
RESET clean inventory before item 276

PLAN 276/799 item=minecraft:bamboo_raft resources=[5xminecraft:bamboo_planks, 1xminecraft:crafting_table] leafPlanFailures=[]
GIVE /give @s minecraft:bamboo_planks 5
GIVE /give @s minecraft:crafting_table 1
PASS item=minecraft:bamboo_raft reason=crafted output appeared in inventory
RESET /clear @s
RESET /kill @e[type=item,distance=..16]
RESET clean inventory before item 277

PLAN 277/799 item=minecraft:pale_oak_boat resources=[5xminecraft:pale_oak_planks, 1xminecraft:crafting_table] leafPlanFailures=[]
GIVE /give @s minecraft:pale_oak_planks 5
GIVE /give @s minecraft:crafting_table 1
PASS item=minecraft:pale_oak_boat reason=crafted output appeared in inventory
RESET /clear @s
RESET /kill @e[type=item,distance=..16]
RESET clean inventory before item 278

PLAN 278/799 item=minecraft:lead resources=[4xminecraft:string, 1xminecraft:slime_ball, 1xminecraft:crafting_table] leafPlanFailures=[]
GIVE /give @s minecraft:string 4
GIVE /give @s minecraft:slime_ball 1
GIVE /give @s minecraft:crafting_table 1
PASS item=minecraft:lead reason=crafted output appeared in inventory
RESET /clear @s
RESET /kill @e[type=item,distance=..16]
RESET clean inventory before item 279

PLAN 279/799 item=minecraft:honeycomb_block resources=[4xminecraft:honeycomb] leafPlanFailures=[]
GIVE /give @s minecraft:honeycomb 4
PASS item=minecraft:honeycomb_block reason=crafted output appeared in inventory
RESET /clear @s
RESET /kill @e[type=item,distance=..16]
RESET clean inventory before item 280

PLAN 280/799 item=minecraft:candle resources=[1xminecraft:string, 1xminecraft:honeycomb] leafPlanFailures=[]
GIVE /give @s minecraft:string 1
GIVE /give @s minecraft:honeycomb 1
PASS item=minecraft:candle reason=crafted output appeared in inventory
RESET /clear @s
RESET /kill @e[type=item,distance=..16]
RESET clean inventory before item 281

PLAN 281/799 item=minecraft:beehive resources=[6xminecraft:acacia_planks, 3xminecraft:honeycomb, 1xminecraft:crafting_table] leafPlanFailures=[]
GIVE /give @s minecraft:acacia_planks 6
GIVE /give @s minecraft:honeycomb 3
GIVE /give @s minecraft:crafting_table 1
PASS item=minecraft:beehive reason=crafted output appeared in inventory
RESET /clear @s
RESET /kill @e[type=item,distance=..16]
RESET clean inventory before item 282

PLAN 282/799 item=minecraft:crafting_table resources=[4xminecraft:acacia_planks] leafPlanFailures=[]
GIVE /give @s minecraft:acacia_planks 4
PASS item=minecraft:crafting_table reason=crafted output appeared in inventory
RESET /clear @s
RESET /kill @e[type=item,distance=..16]
RESET clean inventory before item 283

PLAN 283/799 item=minecraft:smithing_table resources=[2xminecraft:iron_ingot, 4xminecraft:acacia_planks, 1xminecraft:crafting_table] leafPlanFailures=[]
GIVE /give @s minecraft:iron_ingot 2
GIVE /give @s minecraft:acacia_planks 4
GIVE /give @s minecraft:crafting_table 1
PASS item=minecraft:smithing_table reason=crafted output appeared in inventory
RESET /clear @s
RESET /kill @e[type=item,distance=..16]
RESET clean inventory before item 284

PLAN 284/799 item=minecraft:grindstone resources=[2xminecraft:stick, 1xminecraft:stone_slab, 2xminecraft:acacia_planks, 1xminecraft:crafting_table] leafPlanFailures=[]
GIVE /give @s minecraft:stick 2
GIVE /give @s minecraft:stone_slab 1
GIVE /give @s minecraft:acacia_planks 2
GIVE /give @s minecraft:crafting_table 1
PASS item=minecraft:grindstone reason=crafted output appeared in inventory
RESET /clear @s
RESET /kill @e[type=item,distance=..16]
RESET clean inventory before item 285

PLAN 285/799 item=minecraft:acacia_pressure_plate resources=[2xminecraft:acacia_planks] leafPlanFailures=[]
GIVE /give @s minecraft:acacia_planks 2
PASS item=minecraft:acacia_pressure_plate reason=crafted output appeared in inventory
RESET /clear @s
RESET /kill @e[type=item,distance=..16]
RESET clean inventory before item 286

PLAN 286/799 item=minecraft:birch_pressure_plate resources=[2xminecraft:birch_planks] leafPlanFailures=[]
GIVE /give @s minecraft:birch_planks 2
PASS item=minecraft:birch_pressure_plate reason=crafted output appeared in inventory
RESET /clear @s
RESET /kill @e[type=item,distance=..16]
RESET clean inventory before item 287

PLAN 287/799 item=minecraft:crimson_pressure_plate resources=[2xminecraft:crimson_planks] leafPlanFailures=[]
GIVE /give @s minecraft:crimson_planks 2
PASS item=minecraft:crimson_pressure_plate reason=crafted output appeared in inventory
RESET /clear @s
RESET /kill @e[type=item,distance=..16]
RESET clean inventory before item 288

PLAN 288/799 item=minecraft:dark_oak_pressure_plate resources=[2xminecraft:dark_oak_planks] leafPlanFailures=[]
GIVE /give @s minecraft:dark_oak_planks 2
PASS item=minecraft:dark_oak_pressure_plate reason=crafted output appeared in inventory
RESET /clear @s
RESET /kill @e[type=item,distance=..16]
RESET clean inventory before item 289

PLAN 289/799 item=minecraft:oak_pressure_plate resources=[2xminecraft:oak_planks] leafPlanFailures=[]
GIVE /give @s minecraft:oak_planks 2
PASS item=minecraft:oak_pressure_plate reason=crafted output appeared in inventory
RESET /clear @s
RESET /kill @e[type=item,distance=..16]
RESET clean inventory before item 290

PLAN 290/799 item=minecraft:jungle_pressure_plate resources=[2xminecraft:jungle_planks] leafPlanFailures=[]
GIVE /give @s minecraft:jungle_planks 2
PASS item=minecraft:jungle_pressure_plate reason=crafted output appeared in inventory
RESET /clear @s
RESET /kill @e[type=item,distance=..16]
RESET clean inventory before item 291

PLAN 291/799 item=minecraft:spruce_pressure_plate resources=[2xminecraft:spruce_planks] leafPlanFailures=[]
GIVE /give @s minecraft:spruce_planks 2
PASS item=minecraft:spruce_pressure_plate reason=crafted output appeared in inventory
RESET /clear @s
RESET /kill @e[type=item,distance=..16]
RESET clean inventory before item 292

PLAN 292/799 item=minecraft:warped_pressure_plate resources=[2xminecraft:warped_planks] leafPlanFailures=[]
GIVE /give @s minecraft:warped_planks 2
PASS item=minecraft:warped_pressure_plate reason=crafted output appeared in inventory
RESET /clear @s
RESET /kill @e[type=item,distance=..16]
RESET clean inventory before item 293

PLAN 293/799 item=minecraft:mangrove_pressure_plate resources=[2xminecraft:mangrove_planks] leafPlanFailures=[]
GIVE /give @s minecraft:mangrove_planks 2
PASS item=minecraft:mangrove_pressure_plate reason=crafted output appeared in inventory
RESET /clear @s
RESET /kill @e[type=item,distance=..16]
RESET clean inventory before item 294

PLAN 294/799 item=minecraft:bamboo_pressure_plate resources=[2xminecraft:bamboo_planks] leafPlanFailures=[]
GIVE /give @s minecraft:bamboo_planks 2
PASS item=minecraft:bamboo_pressure_plate reason=crafted output appeared in inventory
RESET /clear @s
RESET /kill @e[type=item,distance=..16]
RESET clean inventory before item 295

PLAN 295/799 item=minecraft:cherry_pressure_plate resources=[2xminecraft:cherry_planks] leafPlanFailures=[]
GIVE /give @s minecraft:cherry_planks 2
PASS item=minecraft:cherry_pressure_plate reason=crafted output appeared in inventory
RESET /clear @s
RESET /kill @e[type=item,distance=..16]
RESET clean inventory before item 296

PLAN 296/799 item=minecraft:pale_oak_pressure_plate resources=[2xminecraft:pale_oak_planks] leafPlanFailures=[]
GIVE /give @s minecraft:pale_oak_planks 2
PASS item=minecraft:pale_oak_pressure_plate reason=crafted output appeared in inventory
RESET /clear @s
RESET /kill @e[type=item,distance=..16]
RESET clean inventory before item 297

PLAN 297/799 item=minecraft:acacia_button resources=[1xminecraft:acacia_planks, 1xminecraft:crafting_table] leafPlanFailures=[]
GIVE /give @s minecraft:acacia_planks 1
GIVE /give @s minecraft:crafting_table 1
PASS item=minecraft:acacia_button reason=crafted output appeared in inventory
RESET /clear @s
RESET /kill @e[type=item,distance=..16]
RESET clean inventory before item 298

PLAN 298/799 item=minecraft:birch_button resources=[1xminecraft:birch_planks, 1xminecraft:crafting_table] leafPlanFailures=[]
GIVE /give @s minecraft:birch_planks 1
GIVE /give @s minecraft:crafting_table 1
PASS item=minecraft:birch_button reason=crafted output appeared in inventory
RESET /clear @s
RESET /kill @e[type=item,distance=..16]
RESET clean inventory before item 299

PLAN 299/799 item=minecraft:crimson_button resources=[1xminecraft:crimson_planks, 1xminecraft:crafting_table] leafPlanFailures=[]
GIVE /give @s minecraft:crimson_planks 1
GIVE /give @s minecraft:crafting_table 1
PASS item=minecraft:crimson_button reason=crafted output appeared in inventory
RESET /clear @s
RESET /kill @e[type=item,distance=..16]
RESET clean inventory before item 300

PLAN 300/799 item=minecraft:dark_oak_button resources=[1xminecraft:dark_oak_planks, 1xminecraft:crafting_table] leafPlanFailures=[]
GIVE /give @s minecraft:dark_oak_planks 1
GIVE /give @s minecraft:crafting_table 1
PASS item=minecraft:dark_oak_button reason=crafted output appeared in inventory
RESET /clear @s
RESET /kill @e[type=item,distance=..16]
RESET clean inventory before item 301

PLAN 301/799 item=minecraft:oak_button resources=[1xminecraft:oak_planks, 1xminecraft:crafting_table] leafPlanFailures=[]
GIVE /give @s minecraft:oak_planks 1
GIVE /give @s minecraft:crafting_table 1
PASS item=minecraft:oak_button reason=crafted output appeared in inventory
RESET /clear @s
RESET /kill @e[type=item,distance=..16]
RESET clean inventory before item 302

PLAN 302/799 item=minecraft:jungle_button resources=[1xminecraft:jungle_planks, 1xminecraft:crafting_table] leafPlanFailures=[]
GIVE /give @s minecraft:jungle_planks 1
GIVE /give @s minecraft:crafting_table 1
PASS item=minecraft:jungle_button reason=crafted output appeared in inventory
RESET /clear @s
RESET /kill @e[type=item,distance=..16]
RESET clean inventory before item 303

PLAN 303/799 item=minecraft:spruce_button resources=[1xminecraft:spruce_planks, 1xminecraft:crafting_table] leafPlanFailures=[]
GIVE /give @s minecraft:spruce_planks 1
GIVE /give @s minecraft:crafting_table 1
PASS item=minecraft:spruce_button reason=crafted output appeared in inventory
RESET /clear @s
RESET /kill @e[type=item,distance=..16]
RESET clean inventory before item 304

PLAN 304/799 item=minecraft:warped_button resources=[1xminecraft:warped_planks, 1xminecraft:crafting_table] leafPlanFailures=[]
GIVE /give @s minecraft:warped_planks 1
GIVE /give @s minecraft:crafting_table 1
PASS item=minecraft:warped_button reason=crafted output appeared in inventory
RESET /clear @s
RESET /kill @e[type=item,distance=..16]
RESET clean inventory before item 305

PLAN 305/799 item=minecraft:mangrove_button resources=[1xminecraft:mangrove_planks, 1xminecraft:crafting_table] leafPlanFailures=[]
GIVE /give @s minecraft:mangrove_planks 1
GIVE /give @s minecraft:crafting_table 1
PASS item=minecraft:mangrove_button reason=crafted output appeared in inventory
RESET /clear @s
RESET /kill @e[type=item,distance=..16]
RESET clean inventory before item 306

PLAN 306/799 item=minecraft:bamboo_button resources=[1xminecraft:bamboo_planks, 1xminecraft:crafting_table] leafPlanFailures=[]
GIVE /give @s minecraft:bamboo_planks 1
GIVE /give @s minecraft:crafting_table 1
PASS item=minecraft:bamboo_button reason=crafted output appeared in inventory
RESET /clear @s
RESET /kill @e[type=item,distance=..16]
RESET clean inventory before item 307

PLAN 307/799 item=minecraft:cherry_button resources=[1xminecraft:cherry_planks, 1xminecraft:crafting_table] leafPlanFailures=[]
GIVE /give @s minecraft:cherry_planks 1
GIVE /give @s minecraft:crafting_table 1
PASS item=minecraft:cherry_button reason=crafted output appeared in inventory
RESET /clear @s
RESET /kill @e[type=item,distance=..16]
RESET clean inventory before item 308

PLAN 308/799 item=minecraft:pale_oak_button resources=[1xminecraft:pale_oak_planks, 1xminecraft:crafting_table] leafPlanFailures=[]
GIVE /give @s minecraft:pale_oak_planks 1
GIVE /give @s minecraft:crafting_table 1
PASS item=minecraft:pale_oak_button reason=crafted output appeared in inventory
RESET /clear @s
RESET /kill @e[type=item,distance=..16]
RESET clean inventory before item 309

PLAN 309/799 item=minecraft:stone_pressure_plate resources=[2xminecraft:stone] leafPlanFailures=[]
GIVE /give @s minecraft:stone 2
PASS item=minecraft:stone_pressure_plate reason=crafted output appeared in inventory
RESET /clear @s
RESET /kill @e[type=item,distance=..16]
RESET clean inventory before item 310

PLAN 310/799 item=minecraft:stone_button resources=[1xminecraft:stone, 1xminecraft:crafting_table] leafPlanFailures=[]
GIVE /give @s minecraft:stone 1
GIVE /give @s minecraft:crafting_table 1
PASS item=minecraft:stone_button reason=crafted output appeared in inventory
RESET /clear @s
RESET /kill @e[type=item,distance=..16]
RESET clean inventory before item 311

PLAN 311/799 item=minecraft:polished_blackstone_pressure_plate resources=[2xminecraft:polished_blackstone] leafPlanFailures=[]
GIVE /give @s minecraft:polished_blackstone 2
PASS item=minecraft:polished_blackstone_pressure_plate reason=crafted output appeared in inventory
RESET /clear @s
RESET /kill @e[type=item,distance=..16]
RESET clean inventory before item 312

PLAN 312/799 item=minecraft:polished_blackstone_button resources=[1xminecraft:polished_blackstone, 1xminecraft:crafting_table] leafPlanFailures=[]
GIVE /give @s minecraft:polished_blackstone 1
GIVE /give @s minecraft:crafting_table 1
PASS item=minecraft:polished_blackstone_button reason=crafted output appeared in inventory
RESET /clear @s
RESET /kill @e[type=item,distance=..16]
RESET clean inventory before item 313

PLAN 313/799 item=minecraft:acacia_sign resources=[6xminecraft:acacia_planks, 1xminecraft:stick, 1xminecraft:crafting_table] leafPlanFailures=[]
GIVE /give @s minecraft:acacia_planks 6
GIVE /give @s minecraft:stick 1
GIVE /give @s minecraft:crafting_table 1
PASS item=minecraft:acacia_sign reason=crafted output appeared in inventory
RESET /clear @s
RESET /kill @e[type=item,distance=..16]
RESET clean inventory before item 314

PLAN 314/799 item=minecraft:birch_sign resources=[6xminecraft:birch_planks, 1xminecraft:stick, 1xminecraft:crafting_table] leafPlanFailures=[]
GIVE /give @s minecraft:birch_planks 6
GIVE /give @s minecraft:stick 1
GIVE /give @s minecraft:crafting_table 1
PASS item=minecraft:birch_sign reason=crafted output appeared in inventory
RESET /clear @s
RESET /kill @e[type=item,distance=..16]
RESET clean inventory before item 315

PLAN 315/799 item=minecraft:crimson_sign resources=[6xminecraft:crimson_planks, 1xminecraft:stick, 1xminecraft:crafting_table] leafPlanFailures=[]
GIVE /give @s minecraft:crimson_planks 6
GIVE /give @s minecraft:stick 1
GIVE /give @s minecraft:crafting_table 1
PASS item=minecraft:crimson_sign reason=crafted output appeared in inventory
RESET /clear @s
RESET /kill @e[type=item,distance=..16]
RESET clean inventory before item 316

PLAN 316/799 item=minecraft:dark_oak_sign resources=[6xminecraft:dark_oak_planks, 1xminecraft:stick, 1xminecraft:crafting_table] leafPlanFailures=[]
GIVE /give @s minecraft:dark_oak_planks 6
GIVE /give @s minecraft:stick 1
GIVE /give @s minecraft:crafting_table 1
PASS item=minecraft:dark_oak_sign reason=crafted output appeared in inventory
RESET /clear @s
RESET /kill @e[type=item,distance=..16]
RESET clean inventory before item 317

PLAN 317/799 item=minecraft:oak_sign resources=[6xminecraft:oak_planks, 1xminecraft:stick, 1xminecraft:crafting_table] leafPlanFailures=[]
GIVE /give @s minecraft:oak_planks 6
GIVE /give @s minecraft:stick 1
GIVE /give @s minecraft:crafting_table 1
PASS item=minecraft:oak_sign reason=crafted output appeared in inventory
RESET /clear @s
RESET /kill @e[type=item,distance=..16]
RESET clean inventory before item 318

PLAN 318/799 item=minecraft:jungle_sign resources=[6xminecraft:jungle_planks, 1xminecraft:stick, 1xminecraft:crafting_table] leafPlanFailures=[]
GIVE /give @s minecraft:jungle_planks 6
GIVE /give @s minecraft:stick 1
GIVE /give @s minecraft:crafting_table 1
PASS item=minecraft:jungle_sign reason=crafted output appeared in inventory
RESET /clear @s
RESET /kill @e[type=item,distance=..16]
RESET clean inventory before item 319

PLAN 319/799 item=minecraft:spruce_sign resources=[6xminecraft:spruce_planks, 1xminecraft:stick, 1xminecraft:crafting_table] leafPlanFailures=[]
GIVE /give @s minecraft:spruce_planks 6
GIVE /give @s minecraft:stick 1
GIVE /give @s minecraft:crafting_table 1
PASS item=minecraft:spruce_sign reason=crafted output appeared in inventory
RESET /clear @s
RESET /kill @e[type=item,distance=..16]
RESET clean inventory before item 320

PLAN 320/799 item=minecraft:warped_sign resources=[6xminecraft:warped_planks, 1xminecraft:stick, 1xminecraft:crafting_table] leafPlanFailures=[]
GIVE /give @s minecraft:warped_planks 6
GIVE /give @s minecraft:stick 1
GIVE /give @s minecraft:crafting_table 1
PASS item=minecraft:warped_sign reason=crafted output appeared in inventory
RESET /clear @s
RESET /kill @e[type=item,distance=..16]
RESET clean inventory before item 321

PLAN 321/799 item=minecraft:mangrove_sign resources=[6xminecraft:mangrove_planks, 1xminecraft:stick, 1xminecraft:crafting_table] leafPlanFailures=[]
GIVE /give @s minecraft:mangrove_planks 6
GIVE /give @s minecraft:stick 1
GIVE /give @s minecraft:crafting_table 1
PASS item=minecraft:mangrove_sign reason=crafted output appeared in inventory
RESET /clear @s
RESET /kill @e[type=item,distance=..16]
RESET clean inventory before item 322

PLAN 322/799 item=minecraft:bamboo_sign resources=[6xminecraft:bamboo_planks, 1xminecraft:stick, 1xminecraft:crafting_table] leafPlanFailures=[]
GIVE /give @s minecraft:bamboo_planks 6
GIVE /give @s minecraft:stick 1
GIVE /give @s minecraft:crafting_table 1
PASS item=minecraft:bamboo_sign reason=crafted output appeared in inventory
RESET /clear @s
RESET /kill @e[type=item,distance=..16]
RESET clean inventory before item 323

PLAN 323/799 item=minecraft:cherry_sign resources=[6xminecraft:cherry_planks, 1xminecraft:stick, 1xminecraft:crafting_table] leafPlanFailures=[]
GIVE /give @s minecraft:cherry_planks 6
GIVE /give @s minecraft:stick 1
GIVE /give @s minecraft:crafting_table 1
PASS item=minecraft:cherry_sign reason=crafted output appeared in inventory
RESET /clear @s
RESET /kill @e[type=item,distance=..16]
RESET clean inventory before item 324

PLAN 324/799 item=minecraft:pale_oak_sign resources=[6xminecraft:pale_oak_planks, 1xminecraft:stick, 1xminecraft:crafting_table] leafPlanFailures=[]
GIVE /give @s minecraft:pale_oak_planks 6
GIVE /give @s minecraft:stick 1
GIVE /give @s minecraft:crafting_table 1
PASS item=minecraft:pale_oak_sign reason=crafted output appeared in inventory
RESET /clear @s
RESET /kill @e[type=item,distance=..16]
RESET clean inventory before item 325

PLAN 325/799 item=minecraft:furnace resources=[8xminecraft:cobbled_deepslate, 1xminecraft:crafting_table] leafPlanFailures=[]
GIVE /give @s minecraft:cobbled_deepslate 8
GIVE /give @s minecraft:crafting_table 1
PASS item=minecraft:furnace reason=crafted output appeared in inventory
RESET /clear @s
RESET /kill @e[type=item,distance=..16]
RESET clean inventory before item 326

PLAN 326/799 item=minecraft:dropper resources=[7xminecraft:cobblestone, 1xminecraft:redstone, 1xminecraft:crafting_table] leafPlanFailures=[]
GIVE /give @s minecraft:cobblestone 7
GIVE /give @s minecraft:redstone 1
GIVE /give @s minecraft:crafting_table 1
PASS item=minecraft:dropper reason=crafted output appeared in inventory
RESET /clear @s
RESET /kill @e[type=item,distance=..16]
RESET clean inventory before item 327

PLAN 327/799 item=minecraft:dispenser resources=[7xminecraft:cobblestone, 1xminecraft:bow, 1xminecraft:redstone, 1xminecraft:crafting_table] leafPlanFailures=[]
GIVE /give @s minecraft:cobblestone 7
GIVE /give @s minecraft:bow 1
GIVE /give @s minecraft:redstone 1
GIVE /give @s minecraft:crafting_table 1
PASS item=minecraft:dispenser reason=crafted output appeared in inventory
RESET /clear @s
RESET /kill @e[type=item,distance=..16]
RESET clean inventory before item 328

PLAN 328/799 item=minecraft:brewing_stand resources=[1xminecraft:blaze_rod, 3xminecraft:cobbled_deepslate, 1xminecraft:crafting_table] leafPlanFailures=[]
GIVE /give @s minecraft:blaze_rod 1
GIVE /give @s minecraft:cobbled_deepslate 3
GIVE /give @s minecraft:crafting_table 1
PASS item=minecraft:brewing_stand reason=crafted output appeared in inventory
RESET /clear @s
RESET /kill @e[type=item,distance=..16]
RESET clean inventory before item 329

PLAN 329/799 item=minecraft:piston resources=[3xminecraft:acacia_planks, 4xminecraft:cobblestone, 1xminecraft:iron_ingot, 1xminecraft:redstone, 1xminecraft:crafting_table] leafPlanFailures=[]
GIVE /give @s minecraft:acacia_planks 3
GIVE /give @s minecraft:cobblestone 4
GIVE /give @s minecraft:iron_ingot 1
GIVE /give @s minecraft:redstone 1
GIVE /give @s minecraft:crafting_table 1
PASS item=minecraft:piston reason=crafted output appeared in inventory
RESET /clear @s
RESET /kill @e[type=item,distance=..16]
RESET clean inventory before item 330

PLAN 330/799 item=minecraft:observer resources=[6xminecraft:cobblestone, 2xminecraft:redstone, 1xminecraft:quartz, 1xminecraft:crafting_table] leafPlanFailures=[]
GIVE /give @s minecraft:cobblestone 6
GIVE /give @s minecraft:redstone 2
GIVE /give @s minecraft:quartz 1
GIVE /give @s minecraft:crafting_table 1
PASS item=minecraft:observer reason=crafted output appeared in inventory
RESET /clear @s
RESET /kill @e[type=item,distance=..16]
RESET clean inventory before item 331

PLAN 331/799 item=minecraft:lever resources=[1xminecraft:stick, 1xminecraft:cobblestone] leafPlanFailures=[]
GIVE /give @s minecraft:stick 1
GIVE /give @s minecraft:cobblestone 1
PASS item=minecraft:lever reason=crafted output appeared in inventory
RESET /clear @s
RESET /kill @e[type=item,distance=..16]
RESET clean inventory before item 332

PLAN 332/799 item=minecraft:acacia_hanging_sign resources=[2xminecraft:chain, 6xminecraft:stripped_acacia_log, 1xminecraft:crafting_table] leafPlanFailures=[]
GIVE /give @s minecraft:chain 2
GIVE /give @s minecraft:stripped_acacia_log 6
GIVE /give @s minecraft:crafting_table 1
PASS item=minecraft:acacia_hanging_sign reason=crafted output appeared in inventory
RESET /clear @s
RESET /kill @e[type=item,distance=..16]
RESET clean inventory before item 333

PLAN 333/799 item=minecraft:birch_hanging_sign resources=[2xminecraft:chain, 6xminecraft:stripped_birch_log, 1xminecraft:crafting_table] leafPlanFailures=[]
GIVE /give @s minecraft:chain 2
GIVE /give @s minecraft:stripped_birch_log 6
GIVE /give @s minecraft:crafting_table 1
PASS item=minecraft:birch_hanging_sign reason=crafted output appeared in inventory
RESET /clear @s
RESET /kill @e[type=item,distance=..16]
RESET clean inventory before item 334

PLAN 334/799 item=minecraft:crimson_hanging_sign resources=[2xminecraft:chain, 6xminecraft:stripped_crimson_stem, 1xminecraft:crafting_table] leafPlanFailures=[]
GIVE /give @s minecraft:chain 2
GIVE /give @s minecraft:stripped_crimson_stem 6
GIVE /give @s minecraft:crafting_table 1
PASS item=minecraft:crimson_hanging_sign reason=crafted output appeared in inventory
RESET /clear @s
RESET /kill @e[type=item,distance=..16]
RESET clean inventory before item 335

PLAN 335/799 item=minecraft:dark_oak_hanging_sign resources=[2xminecraft:chain, 6xminecraft:stripped_dark_oak_log, 1xminecraft:crafting_table] leafPlanFailures=[]
GIVE /give @s minecraft:chain 2
GIVE /give @s minecraft:stripped_dark_oak_log 6
GIVE /give @s minecraft:crafting_table 1
PASS item=minecraft:dark_oak_hanging_sign reason=crafted output appeared in inventory
RESET /clear @s
RESET /kill @e[type=item,distance=..16]
RESET clean inventory before item 336

PLAN 336/799 item=minecraft:oak_hanging_sign resources=[2xminecraft:chain, 6xminecraft:stripped_oak_log, 1xminecraft:crafting_table] leafPlanFailures=[]
GIVE /give @s minecraft:chain 2
GIVE /give @s minecraft:stripped_oak_log 6
GIVE /give @s minecraft:crafting_table 1
PASS item=minecraft:oak_hanging_sign reason=crafted output appeared in inventory
RESET /clear @s
RESET /kill @e[type=item,distance=..16]
RESET clean inventory before item 337

PLAN 337/799 item=minecraft:jungle_hanging_sign resources=[2xminecraft:chain, 6xminecraft:stripped_jungle_log, 1xminecraft:crafting_table] leafPlanFailures=[]
GIVE /give @s minecraft:chain 2
GIVE /give @s minecraft:stripped_jungle_log 6
GIVE /give @s minecraft:crafting_table 1
PASS item=minecraft:jungle_hanging_sign reason=crafted output appeared in inventory
RESET /clear @s
RESET /kill @e[type=item,distance=..16]
RESET clean inventory before item 338

PLAN 338/799 item=minecraft:spruce_hanging_sign resources=[2xminecraft:chain, 6xminecraft:stripped_spruce_log, 1xminecraft:crafting_table] leafPlanFailures=[]
GIVE /give @s minecraft:chain 2
GIVE /give @s minecraft:stripped_spruce_log 6
GIVE /give @s minecraft:crafting_table 1
PASS item=minecraft:spruce_hanging_sign reason=crafted output appeared in inventory
RESET /clear @s
RESET /kill @e[type=item,distance=..16]
RESET clean inventory before item 339

PLAN 339/799 item=minecraft:warped_hanging_sign resources=[2xminecraft:chain, 6xminecraft:stripped_warped_stem, 1xminecraft:crafting_table] leafPlanFailures=[]
GIVE /give @s minecraft:chain 2
GIVE /give @s minecraft:stripped_warped_stem 6
GIVE /give @s minecraft:crafting_table 1
PASS item=minecraft:warped_hanging_sign reason=crafted output appeared in inventory
RESET /clear @s
RESET /kill @e[type=item,distance=..16]
RESET clean inventory before item 340

PLAN 340/799 item=minecraft:mangrove_hanging_sign resources=[2xminecraft:chain, 6xminecraft:stripped_mangrove_log, 1xminecraft:crafting_table] leafPlanFailures=[]
GIVE /give @s minecraft:chain 2
GIVE /give @s minecraft:stripped_mangrove_log 6
GIVE /give @s minecraft:crafting_table 1
PASS item=minecraft:mangrove_hanging_sign reason=crafted output appeared in inventory
RESET /clear @s
RESET /kill @e[type=item,distance=..16]
RESET clean inventory before item 341

PLAN 341/799 item=minecraft:bamboo_hanging_sign resources=[2xminecraft:chain, 6xminecraft:stripped_bamboo_block, 1xminecraft:crafting_table] leafPlanFailures=[]
GIVE /give @s minecraft:chain 2
GIVE /give @s minecraft:stripped_bamboo_block 6
GIVE /give @s minecraft:crafting_table 1
PASS item=minecraft:bamboo_hanging_sign reason=crafted output appeared in inventory
RESET /clear @s
RESET /kill @e[type=item,distance=..16]
RESET clean inventory before item 342

PLAN 342/799 item=minecraft:cherry_hanging_sign resources=[2xminecraft:chain, 6xminecraft:stripped_cherry_log, 1xminecraft:crafting_table] leafPlanFailures=[]
GIVE /give @s minecraft:chain 2
GIVE /give @s minecraft:stripped_cherry_log 6
GIVE /give @s minecraft:crafting_table 1
PASS item=minecraft:cherry_hanging_sign reason=crafted output appeared in inventory
RESET /clear @s
RESET /kill @e[type=item,distance=..16]
RESET clean inventory before item 343

PLAN 343/799 item=minecraft:pale_oak_hanging_sign resources=[2xminecraft:chain, 6xminecraft:stripped_pale_oak_log, 1xminecraft:crafting_table] leafPlanFailures=[]
GIVE /give @s minecraft:chain 2
GIVE /give @s minecraft:stripped_pale_oak_log 6
GIVE /give @s minecraft:crafting_table 1
PASS item=minecraft:pale_oak_hanging_sign reason=crafted output appeared in inventory
RESET /clear @s
RESET /kill @e[type=item,distance=..16]
RESET clean inventory before item 344

PLAN 344/799 item=minecraft:chest resources=[8xminecraft:acacia_planks, 1xminecraft:crafting_table] leafPlanFailures=[]
GIVE /give @s minecraft:acacia_planks 8
GIVE /give @s minecraft:crafting_table 1
PASS item=minecraft:chest reason=crafted output appeared in inventory
RESET /clear @s
RESET /kill @e[type=item,distance=..16]
RESET clean inventory before item 345

PLAN 345/799 item=minecraft:torch resources=[1xminecraft:charcoal, 1xminecraft:stick] leafPlanFailures=[]
GIVE /give @s minecraft:charcoal 1
GIVE /give @s minecraft:stick 1
PASS item=minecraft:torch reason=crafted output appeared in inventory
RESET /clear @s
RESET /kill @e[type=item,distance=..16]
RESET clean inventory before item 346

PLAN 346/799 item=minecraft:white_bed resources=[3xminecraft:white_wool, 3xminecraft:acacia_planks, 1xminecraft:crafting_table] leafPlanFailures=[]
GIVE /give @s minecraft:white_wool 3
GIVE /give @s minecraft:acacia_planks 3
GIVE /give @s minecraft:crafting_table 1
PASS item=minecraft:white_bed reason=crafted output appeared in inventory
RESET /clear @s
RESET /kill @e[type=item,distance=..16]
RESET clean inventory before item 347

PLAN 347/799 item=minecraft:black_bed resources=[3xminecraft:black_wool, 3xminecraft:acacia_planks, 1xminecraft:crafting_table] leafPlanFailures=[]
GIVE /give @s minecraft:black_wool 3
GIVE /give @s minecraft:acacia_planks 3
GIVE /give @s minecraft:crafting_table 1
PASS item=minecraft:black_bed reason=crafted output appeared in inventory
RESET /clear @s
RESET /kill @e[type=item,distance=..16]
RESET clean inventory before item 348

PLAN 348/799 item=minecraft:blue_bed resources=[3xminecraft:blue_wool, 3xminecraft:acacia_planks, 1xminecraft:crafting_table] leafPlanFailures=[]
GIVE /give @s minecraft:blue_wool 3
GIVE /give @s minecraft:acacia_planks 3
GIVE /give @s minecraft:crafting_table 1
PASS item=minecraft:blue_bed reason=crafted output appeared in inventory
RESET /clear @s
RESET /kill @e[type=item,distance=..16]
RESET clean inventory before item 349

PLAN 349/799 item=minecraft:brown_bed resources=[3xminecraft:brown_wool, 3xminecraft:acacia_planks, 1xminecraft:crafting_table] leafPlanFailures=[]
GIVE /give @s minecraft:brown_wool 3
GIVE /give @s minecraft:acacia_planks 3
GIVE /give @s minecraft:crafting_table 1
PASS item=minecraft:brown_bed reason=crafted output appeared in inventory
RESET /clear @s
RESET /kill @e[type=item,distance=..16]
RESET clean inventory before item 350

PLAN 350/799 item=minecraft:cyan_bed resources=[3xminecraft:cyan_wool, 3xminecraft:acacia_planks, 1xminecraft:crafting_table] leafPlanFailures=[]
GIVE /give @s minecraft:cyan_wool 3
GIVE /give @s minecraft:acacia_planks 3
GIVE /give @s minecraft:crafting_table 1
PASS item=minecraft:cyan_bed reason=crafted output appeared in inventory
RESET /clear @s
RESET /kill @e[type=item,distance=..16]
RESET clean inventory before item 351

PLAN 351/799 item=minecraft:gray_bed resources=[3xminecraft:gray_wool, 3xminecraft:acacia_planks, 1xminecraft:crafting_table] leafPlanFailures=[]
GIVE /give @s minecraft:gray_wool 3
GIVE /give @s minecraft:acacia_planks 3
GIVE /give @s minecraft:crafting_table 1
PASS item=minecraft:gray_bed reason=crafted output appeared in inventory
RESET /clear @s
RESET /kill @e[type=item,distance=..16]
RESET clean inventory before item 352

PLAN 352/799 item=minecraft:green_bed resources=[3xminecraft:green_wool, 3xminecraft:acacia_planks, 1xminecraft:crafting_table] leafPlanFailures=[]
GIVE /give @s minecraft:green_wool 3
GIVE /give @s minecraft:acacia_planks 3
GIVE /give @s minecraft:crafting_table 1
PASS item=minecraft:green_bed reason=crafted output appeared in inventory
RESET /clear @s
RESET /kill @e[type=item,distance=..16]
RESET clean inventory before item 353

PLAN 353/799 item=minecraft:light_blue_bed resources=[3xminecraft:light_blue_wool, 3xminecraft:acacia_planks, 1xminecraft:crafting_table] leafPlanFailures=[]
GIVE /give @s minecraft:light_blue_wool 3
GIVE /give @s minecraft:acacia_planks 3
GIVE /give @s minecraft:crafting_table 1
PASS item=minecraft:light_blue_bed reason=crafted output appeared in inventory
RESET /clear @s
RESET /kill @e[type=item,distance=..16]
RESET clean inventory before item 354

PLAN 354/799 item=minecraft:light_gray_bed resources=[3xminecraft:light_gray_wool, 3xminecraft:acacia_planks, 1xminecraft:crafting_table] leafPlanFailures=[]
GIVE /give @s minecraft:light_gray_wool 3
GIVE /give @s minecraft:acacia_planks 3
GIVE /give @s minecraft:crafting_table 1
PASS item=minecraft:light_gray_bed reason=crafted output appeared in inventory
RESET /clear @s
RESET /kill @e[type=item,distance=..16]
RESET clean inventory before item 355

PLAN 355/799 item=minecraft:lime_bed resources=[3xminecraft:lime_wool, 3xminecraft:acacia_planks, 1xminecraft:crafting_table] leafPlanFailures=[]
GIVE /give @s minecraft:lime_wool 3
GIVE /give @s minecraft:acacia_planks 3
GIVE /give @s minecraft:crafting_table 1
PASS item=minecraft:lime_bed reason=crafted output appeared in inventory
RESET /clear @s
RESET /kill @e[type=item,distance=..16]
RESET clean inventory before item 356

PLAN 356/799 item=minecraft:magenta_bed resources=[3xminecraft:magenta_wool, 3xminecraft:acacia_planks, 1xminecraft:crafting_table] leafPlanFailures=[]
GIVE /give @s minecraft:magenta_wool 3
GIVE /give @s minecraft:acacia_planks 3
GIVE /give @s minecraft:crafting_table 1
PASS item=minecraft:magenta_bed reason=crafted output appeared in inventory
RESET /clear @s
RESET /kill @e[type=item,distance=..16]
RESET clean inventory before item 357

PLAN 357/799 item=minecraft:orange_bed resources=[3xminecraft:orange_wool, 3xminecraft:acacia_planks, 1xminecraft:crafting_table] leafPlanFailures=[]
GIVE /give @s minecraft:orange_wool 3
GIVE /give @s minecraft:acacia_planks 3
GIVE /give @s minecraft:crafting_table 1
PASS item=minecraft:orange_bed reason=crafted output appeared in inventory
RESET /clear @s
RESET /kill @e[type=item,distance=..16]
RESET clean inventory before item 358

PLAN 358/799 item=minecraft:pink_bed resources=[3xminecraft:pink_wool, 3xminecraft:acacia_planks, 1xminecraft:crafting_table] leafPlanFailures=[]
GIVE /give @s minecraft:pink_wool 3
GIVE /give @s minecraft:acacia_planks 3
GIVE /give @s minecraft:crafting_table 1
PASS item=minecraft:pink_bed reason=crafted output appeared in inventory
RESET /clear @s
RESET /kill @e[type=item,distance=..16]
RESET clean inventory before item 359

PLAN 359/799 item=minecraft:purple_bed resources=[3xminecraft:purple_wool, 3xminecraft:acacia_planks, 1xminecraft:crafting_table] leafPlanFailures=[]
GIVE /give @s minecraft:purple_wool 3
GIVE /give @s minecraft:acacia_planks 3
GIVE /give @s minecraft:crafting_table 1
PASS item=minecraft:purple_bed reason=crafted output appeared in inventory
RESET /clear @s
RESET /kill @e[type=item,distance=..16]
RESET clean inventory before item 360

PLAN 360/799 item=minecraft:red_bed resources=[3xminecraft:red_wool, 3xminecraft:acacia_planks, 1xminecraft:crafting_table] leafPlanFailures=[]
GIVE /give @s minecraft:red_wool 3
GIVE /give @s minecraft:acacia_planks 3
GIVE /give @s minecraft:crafting_table 1
PASS item=minecraft:red_bed reason=crafted output appeared in inventory
RESET /clear @s
RESET /kill @e[type=item,distance=..16]
RESET clean inventory before item 361

PLAN 361/799 item=minecraft:yellow_bed resources=[3xminecraft:yellow_wool, 3xminecraft:acacia_planks, 1xminecraft:crafting_table] leafPlanFailures=[]
GIVE /give @s minecraft:yellow_wool 3
GIVE /give @s minecraft:acacia_planks 3
GIVE /give @s minecraft:crafting_table 1
PASS item=minecraft:yellow_bed reason=crafted output appeared in inventory
RESET /clear @s
RESET /kill @e[type=item,distance=..16]
RESET clean inventory before item 362

PLAN 362/799 item=minecraft:anvil resources=[3xminecraft:iron_block, 4xminecraft:iron_ingot, 1xminecraft:crafting_table] leafPlanFailures=[]
GIVE /give @s minecraft:iron_block 3
GIVE /give @s minecraft:iron_ingot 4
GIVE /give @s minecraft:crafting_table 1
PASS item=minecraft:anvil reason=crafted output appeared in inventory
RESET /clear @s
RESET /kill @e[type=item,distance=..16]
RESET clean inventory before item 363

PLAN 363/799 item=minecraft:cauldron resources=[7xminecraft:iron_ingot, 1xminecraft:crafting_table] leafPlanFailures=[]
GIVE /give @s minecraft:iron_ingot 7
GIVE /give @s minecraft:crafting_table 1
PASS item=minecraft:cauldron reason=crafted output appeared in inventory
RESET /clear @s
RESET /kill @e[type=item,distance=..16]
RESET clean inventory before item 364

PLAN 364/799 item=minecraft:minecart resources=[5xminecraft:iron_ingot, 1xminecraft:crafting_table] leafPlanFailures=[]
GIVE /give @s minecraft:iron_ingot 5
GIVE /give @s minecraft:crafting_table 1
PASS item=minecraft:minecart reason=crafted output appeared in inventory
RESET /clear @s
RESET /kill @e[type=item,distance=..16]
RESET clean inventory before item 365

PLAN 365/799 item=minecraft:iron_door resources=[6xminecraft:iron_ingot, 1xminecraft:crafting_table] leafPlanFailures=[]
GIVE /give @s minecraft:iron_ingot 6
GIVE /give @s minecraft:crafting_table 1
PASS item=minecraft:iron_door reason=crafted output appeared in inventory
RESET /clear @s
RESET /kill @e[type=item,distance=..16]
RESET clean inventory before item 366

PLAN 366/799 item=minecraft:iron_bars resources=[6xminecraft:iron_ingot, 1xminecraft:crafting_table] leafPlanFailures=[]
GIVE /give @s minecraft:iron_ingot 6
GIVE /give @s minecraft:crafting_table 1
PASS item=minecraft:iron_bars reason=crafted output appeared in inventory
RESET /clear @s
RESET /kill @e[type=item,distance=..16]
RESET clean inventory before item 367

PLAN 367/799 item=minecraft:blast_furnace resources=[5xminecraft:iron_ingot, 1xminecraft:furnace, 3xminecraft:smooth_stone, 1xminecraft:crafting_table] leafPlanFailures=[]
GIVE /give @s minecraft:iron_ingot 5
GIVE /give @s minecraft:furnace 1
GIVE /give @s minecraft:smooth_stone 3
GIVE /give @s minecraft:crafting_table 1
PASS item=minecraft:blast_furnace reason=crafted output appeared in inventory
RESET /clear @s
RESET /kill @e[type=item,distance=..16]
RESET clean inventory before item 368

PLAN 368/799 item=minecraft:iron_trapdoor resources=[4xminecraft:iron_ingot] leafPlanFailures=[]
GIVE /give @s minecraft:iron_ingot 4
PASS item=minecraft:iron_trapdoor reason=crafted output appeared in inventory
RESET /clear @s
RESET /kill @e[type=item,distance=..16]
RESET clean inventory before item 369

PLAN 369/799 item=minecraft:armor_stand resources=[6xminecraft:stick, 1xminecraft:smooth_stone_slab, 1xminecraft:crafting_table] leafPlanFailures=[]
GIVE /give @s minecraft:stick 6
GIVE /give @s minecraft:smooth_stone_slab 1
GIVE /give @s minecraft:crafting_table 1
PASS item=minecraft:armor_stand reason=crafted output appeared in inventory
RESET /clear @s
RESET /kill @e[type=item,distance=..16]
RESET clean inventory before item 370

PLAN 370/799 item=minecraft:enchanting_table resources=[1xminecraft:book, 2xminecraft:diamond, 4xminecraft:obsidian, 1xminecraft:crafting_table] leafPlanFailures=[]
GIVE /give @s minecraft:book 1
GIVE /give @s minecraft:diamond 2
GIVE /give @s minecraft:obsidian 4
GIVE /give @s minecraft:crafting_table 1
PASS item=minecraft:enchanting_table reason=crafted output appeared in inventory
RESET /clear @s
RESET /kill @e[type=item,distance=..16]
RESET clean inventory before item 371

PLAN 371/799 item=minecraft:ender_chest resources=[8xminecraft:obsidian, 1xminecraft:ender_eye, 1xminecraft:crafting_table] leafPlanFailures=[]
GIVE /give @s minecraft:obsidian 8
GIVE /give @s minecraft:ender_eye 1
GIVE /give @s minecraft:crafting_table 1
PASS item=minecraft:ender_chest reason=crafted output appeared in inventory
RESET /clear @s
RESET /kill @e[type=item,distance=..16]
RESET clean inventory before item 372

PLAN 372/799 item=minecraft:decorated_pot resources=[4xminecraft:brick, 1xminecraft:crafting_table] leafPlanFailures=[]
GIVE /give @s minecraft:brick 4
GIVE /give @s minecraft:crafting_table 1
PASS item=minecraft:decorated_pot reason=crafted output appeared in inventory
RESET /clear @s
RESET /kill @e[type=item,distance=..16]
RESET clean inventory before item 373

PLAN 373/799 item=minecraft:flower_pot resources=[3xminecraft:brick, 1xminecraft:crafting_table] leafPlanFailures=[]
GIVE /give @s minecraft:brick 3
GIVE /give @s minecraft:crafting_table 1
PASS item=minecraft:flower_pot reason=crafted output appeared in inventory
RESET /clear @s
RESET /kill @e[type=item,distance=..16]
RESET clean inventory before item 374

PLAN 374/799 item=minecraft:bricks resources=[4xminecraft:brick] leafPlanFailures=[]
GIVE /give @s minecraft:brick 4
PASS item=minecraft:bricks reason=crafted output appeared in inventory
RESET /clear @s
RESET /kill @e[type=item,distance=..16]
RESET clean inventory before item 375

PLAN 375/799 item=minecraft:brick_slab resources=[3xminecraft:bricks, 1xminecraft:crafting_table] leafPlanFailures=[]
GIVE /give @s minecraft:bricks 3
GIVE /give @s minecraft:crafting_table 1
PASS item=minecraft:brick_slab reason=crafted output appeared in inventory
RESET /clear @s
RESET /kill @e[type=item,distance=..16]
RESET clean inventory before item 376

PLAN 376/799 item=minecraft:brick_stairs resources=[6xminecraft:bricks, 1xminecraft:crafting_table] leafPlanFailures=[]
GIVE /give @s minecraft:bricks 6
GIVE /give @s minecraft:crafting_table 1
PASS item=minecraft:brick_stairs reason=crafted output appeared in inventory
RESET /clear @s
RESET /kill @e[type=item,distance=..16]
RESET clean inventory before item 377

PLAN 377/799 item=minecraft:brick_wall resources=[6xminecraft:bricks, 1xminecraft:crafting_table] leafPlanFailures=[]
GIVE /give @s minecraft:bricks 6
GIVE /give @s minecraft:crafting_table 1
PASS item=minecraft:brick_wall reason=crafted output appeared in inventory
RESET /clear @s
RESET /kill @e[type=item,distance=..16]
RESET clean inventory before item 378

PLAN 378/799 item=minecraft:ladder resources=[7xminecraft:stick, 1xminecraft:crafting_table] leafPlanFailures=[]
GIVE /give @s minecraft:stick 7
GIVE /give @s minecraft:crafting_table 1
PASS item=minecraft:ladder reason=crafted output appeared in inventory
RESET /clear @s
RESET /kill @e[type=item,distance=..16]
RESET clean inventory before item 379

PLAN 379/799 item=minecraft:jukebox resources=[8xminecraft:acacia_planks, 1xminecraft:diamond, 1xminecraft:crafting_table] leafPlanFailures=[]
GIVE /give @s minecraft:acacia_planks 8
GIVE /give @s minecraft:diamond 1
GIVE /give @s minecraft:crafting_table 1
PASS item=minecraft:jukebox reason=crafted output appeared in inventory
RESET /clear @s
RESET /kill @e[type=item,distance=..16]
RESET clean inventory before item 380

PLAN 380/799 item=minecraft:note_block resources=[8xminecraft:acacia_planks, 1xminecraft:redstone, 1xminecraft:crafting_table] leafPlanFailures=[]
GIVE /give @s minecraft:acacia_planks 8
GIVE /give @s minecraft:redstone 1
GIVE /give @s minecraft:crafting_table 1
PASS item=minecraft:note_block reason=crafted output appeared in inventory
RESET /clear @s
RESET /kill @e[type=item,distance=..16]
RESET clean inventory before item 381

PLAN 381/799 item=minecraft:redstone_lamp resources=[4xminecraft:redstone, 1xminecraft:glowstone, 1xminecraft:crafting_table] leafPlanFailures=[]
GIVE /give @s minecraft:redstone 4
GIVE /give @s minecraft:glowstone 1
GIVE /give @s minecraft:crafting_table 1
PASS item=minecraft:redstone_lamp reason=crafted output appeared in inventory
RESET /clear @s
RESET /kill @e[type=item,distance=..16]
RESET clean inventory before item 382

PLAN 382/799 item=minecraft:bookshelf resources=[6xminecraft:acacia_planks, 3xminecraft:book, 1xminecraft:crafting_table] leafPlanFailures=[]
GIVE /give @s minecraft:acacia_planks 6
GIVE /give @s minecraft:book 3
GIVE /give @s minecraft:crafting_table 1
PASS item=minecraft:bookshelf reason=crafted output appeared in inventory
RESET /clear @s
RESET /kill @e[type=item,distance=..16]
RESET clean inventory before item 383

PLAN 383/799 item=minecraft:loom resources=[2xminecraft:string, 2xminecraft:acacia_planks] leafPlanFailures=[]
GIVE /give @s minecraft:string 2
GIVE /give @s minecraft:acacia_planks 2
PASS item=minecraft:loom reason=crafted output appeared in inventory
RESET /clear @s
RESET /kill @e[type=item,distance=..16]
RESET clean inventory before item 384

PLAN 384/799 item=minecraft:glass_pane resources=[6xminecraft:glass, 1xminecraft:crafting_table] leafPlanFailures=[]
GIVE /give @s minecraft:glass 6
GIVE /give @s minecraft:crafting_table 1
PASS item=minecraft:glass_pane reason=crafted output appeared in inventory
RESET /clear @s
RESET /kill @e[type=item,distance=..16]
RESET clean inventory before item 385

PLAN 385/799 item=minecraft:jack_o_lantern resources=[1xminecraft:carved_pumpkin, 1xminecraft:torch] leafPlanFailures=[]
GIVE /give @s minecraft:carved_pumpkin 1
GIVE /give @s minecraft:torch 1
PASS item=minecraft:jack_o_lantern reason=crafted output appeared in inventory
RESET /clear @s
RESET /kill @e[type=item,distance=..16]
RESET clean inventory before item 386

PLAN 386/799 item=minecraft:target resources=[4xminecraft:redstone, 1xminecraft:hay_block, 1xminecraft:crafting_table] leafPlanFailures=[]
GIVE /give @s minecraft:redstone 4
GIVE /give @s minecraft:hay_block 1
GIVE /give @s minecraft:crafting_table 1
PASS item=minecraft:target reason=crafted output appeared in inventory
RESET /clear @s
RESET /kill @e[type=item,distance=..16]
RESET clean inventory before item 387

PLAN 387/799 item=minecraft:campfire resources=[3xminecraft:stick, 1xminecraft:coal, 3xminecraft:acacia_log, 1xminecraft:crafting_table] leafPlanFailures=[]
GIVE /give @s minecraft:stick 3
GIVE /give @s minecraft:coal 1
GIVE /give @s minecraft:acacia_log 3
GIVE /give @s minecraft:crafting_table 1
PASS item=minecraft:campfire reason=crafted output appeared in inventory
RESET /clear @s
RESET /kill @e[type=item,distance=..16]
RESET clean inventory before item 388

PLAN 388/799 item=minecraft:soul_campfire resources=[3xminecraft:stick, 1xminecraft:soul_sand, 3xminecraft:acacia_log, 1xminecraft:crafting_table] leafPlanFailures=[]
GIVE /give @s minecraft:stick 3
GIVE /give @s minecraft:soul_sand 1
GIVE /give @s minecraft:acacia_log 3
GIVE /give @s minecraft:crafting_table 1
PASS item=minecraft:soul_campfire reason=crafted output appeared in inventory
RESET /clear @s
RESET /kill @e[type=item,distance=..16]
RESET clean inventory before item 389

PLAN 389/799 item=minecraft:soul_torch resources=[1xminecraft:charcoal, 1xminecraft:stick, 1xminecraft:soul_soil, 1xminecraft:crafting_table] leafPlanFailures=[]
GIVE /give @s minecraft:charcoal 1
GIVE /give @s minecraft:stick 1
GIVE /give @s minecraft:soul_soil 1
GIVE /give @s minecraft:crafting_table 1
PASS item=minecraft:soul_torch reason=crafted output appeared in inventory
RESET /clear @s
RESET /kill @e[type=item,distance=..16]
RESET clean inventory before item 390

PLAN 390/799 item=minecraft:smoker resources=[4xminecraft:acacia_log, 1xminecraft:furnace, 1xminecraft:crafting_table] leafPlanFailures=[]
GIVE /give @s minecraft:acacia_log 4
GIVE /give @s minecraft:furnace 1
GIVE /give @s minecraft:crafting_table 1
PASS item=minecraft:smoker reason=crafted output appeared in inventory
RESET /clear @s
RESET /kill @e[type=item,distance=..16]
RESET clean inventory before item 391

PLAN 391/799 item=minecraft:lantern resources=[8xminecraft:iron_nugget, 1xminecraft:torch, 1xminecraft:crafting_table] leafPlanFailures=[]
GIVE /give @s minecraft:iron_nugget 8
GIVE /give @s minecraft:torch 1
GIVE /give @s minecraft:crafting_table 1
PASS item=minecraft:lantern reason=crafted output appeared in inventory
RESET /clear @s
RESET /kill @e[type=item,distance=..16]
RESET clean inventory before item 392

PLAN 392/799 item=minecraft:soul_lantern resources=[8xminecraft:iron_nugget, 1xminecraft:soul_torch, 1xminecraft:crafting_table] leafPlanFailures=[]
GIVE /give @s minecraft:iron_nugget 8
GIVE /give @s minecraft:soul_torch 1
GIVE /give @s minecraft:crafting_table 1
PASS item=minecraft:soul_lantern reason=crafted output appeared in inventory
RESET /clear @s
RESET /kill @e[type=item,distance=..16]
RESET clean inventory before item 393

PLAN 393/799 item=minecraft:chain resources=[2xminecraft:iron_nugget, 1xminecraft:iron_ingot, 1xminecraft:crafting_table] leafPlanFailures=[]
GIVE /give @s minecraft:iron_nugget 2
GIVE /give @s minecraft:iron_ingot 1
GIVE /give @s minecraft:crafting_table 1
PASS item=minecraft:chain reason=crafted output appeared in inventory
RESET /clear @s
RESET /kill @e[type=item,distance=..16]
RESET clean inventory before item 394

PLAN 394/799 item=minecraft:lodestone resources=[8xminecraft:chiseled_stone_bricks, 1xminecraft:netherite_ingot, 1xminecraft:crafting_table] leafPlanFailures=[]
GIVE /give @s minecraft:chiseled_stone_bricks 8
GIVE /give @s minecraft:netherite_ingot 1
GIVE /give @s minecraft:crafting_table 1
PASS item=minecraft:lodestone reason=crafted output appeared in inventory
RESET /clear @s
RESET /kill @e[type=item,distance=..16]
RESET clean inventory before item 395

PLAN 395/799 item=minecraft:lightning_rod resources=[3xminecraft:copper_ingot, 1xminecraft:crafting_table] leafPlanFailures=[]
GIVE /give @s minecraft:copper_ingot 3
GIVE /give @s minecraft:crafting_table 1
PASS item=minecraft:lightning_rod reason=crafted output appeared in inventory
RESET /clear @s
RESET /kill @e[type=item,distance=..16]
RESET clean inventory before item 396

PLAN 396/799 item=minecraft:tinted_glass resources=[4xminecraft:amethyst_shard, 1xminecraft:glass, 1xminecraft:crafting_table] leafPlanFailures=[]
GIVE /give @s minecraft:amethyst_shard 4
GIVE /give @s minecraft:glass 1
GIVE /give @s minecraft:crafting_table 1
PASS item=minecraft:tinted_glass reason=crafted output appeared in inventory
RESET /clear @s
RESET /kill @e[type=item,distance=..16]
RESET clean inventory before item 397

PLAN 397/799 item=minecraft:acacia_stairs resources=[6xminecraft:acacia_planks, 1xminecraft:crafting_table] leafPlanFailures=[]
GIVE /give @s minecraft:acacia_planks 6
GIVE /give @s minecraft:crafting_table 1
PASS item=minecraft:acacia_stairs reason=crafted output appeared in inventory
RESET /clear @s
RESET /kill @e[type=item,distance=..16]
RESET clean inventory before item 398

PLAN 398/799 item=minecraft:birch_stairs resources=[6xminecraft:birch_planks, 1xminecraft:crafting_table] leafPlanFailures=[]
GIVE /give @s minecraft:birch_planks 6
GIVE /give @s minecraft:crafting_table 1
PASS item=minecraft:birch_stairs reason=crafted output appeared in inventory
RESET /clear @s
RESET /kill @e[type=item,distance=..16]
RESET clean inventory before item 399

PLAN 399/799 item=minecraft:crimson_stairs resources=[6xminecraft:crimson_planks, 1xminecraft:crafting_table] leafPlanFailures=[]
GIVE /give @s minecraft:crimson_planks 6
GIVE /give @s minecraft:crafting_table 1
PASS item=minecraft:crimson_stairs reason=crafted output appeared in inventory
RESET /clear @s
RESET /kill @e[type=item,distance=..16]
RESET clean inventory before item 400

PLAN 400/799 item=minecraft:dark_oak_stairs resources=[6xminecraft:dark_oak_planks, 1xminecraft:crafting_table] leafPlanFailures=[]
GIVE /give @s minecraft:dark_oak_planks 6
GIVE /give @s minecraft:crafting_table 1
PASS item=minecraft:dark_oak_stairs reason=crafted output appeared in inventory
RESET /clear @s
RESET /kill @e[type=item,distance=..16]
RESET clean inventory before item 401

PLAN 401/799 item=minecraft:oak_stairs resources=[6xminecraft:oak_planks, 1xminecraft:crafting_table] leafPlanFailures=[]
GIVE /give @s minecraft:oak_planks 6
GIVE /give @s minecraft:crafting_table 1
PASS item=minecraft:oak_stairs reason=crafted output appeared in inventory
RESET /clear @s
RESET /kill @e[type=item,distance=..16]
RESET clean inventory before item 402

PLAN 402/799 item=minecraft:jungle_stairs resources=[6xminecraft:jungle_planks, 1xminecraft:crafting_table] leafPlanFailures=[]
GIVE /give @s minecraft:jungle_planks 6
GIVE /give @s minecraft:crafting_table 1
PASS item=minecraft:jungle_stairs reason=crafted output appeared in inventory
RESET /clear @s
RESET /kill @e[type=item,distance=..16]
RESET clean inventory before item 403

PLAN 403/799 item=minecraft:spruce_stairs resources=[6xminecraft:spruce_planks, 1xminecraft:crafting_table] leafPlanFailures=[]
GIVE /give @s minecraft:spruce_planks 6
GIVE /give @s minecraft:crafting_table 1
PASS item=minecraft:spruce_stairs reason=crafted output appeared in inventory
RESET /clear @s
RESET /kill @e[type=item,distance=..16]
RESET clean inventory before item 404

PLAN 404/799 item=minecraft:warped_stairs resources=[6xminecraft:warped_planks, 1xminecraft:crafting_table] leafPlanFailures=[]
GIVE /give @s minecraft:warped_planks 6
GIVE /give @s minecraft:crafting_table 1
PASS item=minecraft:warped_stairs reason=crafted output appeared in inventory
RESET /clear @s
RESET /kill @e[type=item,distance=..16]
RESET clean inventory before item 405

PLAN 405/799 item=minecraft:mangrove_stairs resources=[6xminecraft:mangrove_planks, 1xminecraft:crafting_table] leafPlanFailures=[]
GIVE /give @s minecraft:mangrove_planks 6
GIVE /give @s minecraft:crafting_table 1
PASS item=minecraft:mangrove_stairs reason=crafted output appeared in inventory
RESET /clear @s
RESET /kill @e[type=item,distance=..16]
RESET clean inventory before item 406

PLAN 406/799 item=minecraft:bamboo_stairs resources=[6xminecraft:bamboo_planks, 1xminecraft:crafting_table] leafPlanFailures=[]
GIVE /give @s minecraft:bamboo_planks 6
GIVE /give @s minecraft:crafting_table 1
PASS item=minecraft:bamboo_stairs reason=crafted output appeared in inventory
RESET /clear @s
RESET /kill @e[type=item,distance=..16]
RESET clean inventory before item 407

PLAN 407/799 item=minecraft:cherry_stairs resources=[6xminecraft:cherry_planks, 1xminecraft:crafting_table] leafPlanFailures=[]
GIVE /give @s minecraft:cherry_planks 6
GIVE /give @s minecraft:crafting_table 1
PASS item=minecraft:cherry_stairs reason=crafted output appeared in inventory
RESET /clear @s
RESET /kill @e[type=item,distance=..16]
RESET clean inventory before item 408

PLAN 408/799 item=minecraft:pale_oak_stairs resources=[6xminecraft:pale_oak_planks, 1xminecraft:crafting_table] leafPlanFailures=[]
GIVE /give @s minecraft:pale_oak_planks 6
GIVE /give @s minecraft:crafting_table 1
PASS item=minecraft:pale_oak_stairs reason=crafted output appeared in inventory
RESET /clear @s
RESET /kill @e[type=item,distance=..16]
RESET clean inventory before item 409

PLAN 409/799 item=minecraft:acacia_slab resources=[3xminecraft:acacia_planks, 1xminecraft:crafting_table] leafPlanFailures=[]
GIVE /give @s minecraft:acacia_planks 3
GIVE /give @s minecraft:crafting_table 1
PASS item=minecraft:acacia_slab reason=crafted output appeared in inventory
RESET /clear @s
RESET /kill @e[type=item,distance=..16]
RESET clean inventory before item 410

PLAN 410/799 item=minecraft:birch_slab resources=[3xminecraft:birch_planks, 1xminecraft:crafting_table] leafPlanFailures=[]
GIVE /give @s minecraft:birch_planks 3
GIVE /give @s minecraft:crafting_table 1
PASS item=minecraft:birch_slab reason=crafted output appeared in inventory
RESET /clear @s
RESET /kill @e[type=item,distance=..16]
RESET clean inventory before item 411

PLAN 411/799 item=minecraft:crimson_slab resources=[3xminecraft:crimson_planks, 1xminecraft:crafting_table] leafPlanFailures=[]
GIVE /give @s minecraft:crimson_planks 3
GIVE /give @s minecraft:crafting_table 1
PASS item=minecraft:crimson_slab reason=crafted output appeared in inventory
RESET /clear @s
RESET /kill @e[type=item,distance=..16]
RESET clean inventory before item 412

PLAN 412/799 item=minecraft:dark_oak_slab resources=[3xminecraft:dark_oak_planks, 1xminecraft:crafting_table] leafPlanFailures=[]
GIVE /give @s minecraft:dark_oak_planks 3
GIVE /give @s minecraft:crafting_table 1
PASS item=minecraft:dark_oak_slab reason=crafted output appeared in inventory
RESET /clear @s
RESET /kill @e[type=item,distance=..16]
RESET clean inventory before item 413

PLAN 413/799 item=minecraft:oak_slab resources=[3xminecraft:oak_planks, 1xminecraft:crafting_table] leafPlanFailures=[]
GIVE /give @s minecraft:oak_planks 3
GIVE /give @s minecraft:crafting_table 1
PASS item=minecraft:oak_slab reason=crafted output appeared in inventory
RESET /clear @s
RESET /kill @e[type=item,distance=..16]
RESET clean inventory before item 414

PLAN 414/799 item=minecraft:jungle_slab resources=[3xminecraft:jungle_planks, 1xminecraft:crafting_table] leafPlanFailures=[]
GIVE /give @s minecraft:jungle_planks 3
GIVE /give @s minecraft:crafting_table 1
PASS item=minecraft:jungle_slab reason=crafted output appeared in inventory
RESET /clear @s
RESET /kill @e[type=item,distance=..16]
RESET clean inventory before item 415

PLAN 415/799 item=minecraft:spruce_slab resources=[3xminecraft:spruce_planks, 1xminecraft:crafting_table] leafPlanFailures=[]
GIVE /give @s minecraft:spruce_planks 3
GIVE /give @s minecraft:crafting_table 1
PASS item=minecraft:spruce_slab reason=crafted output appeared in inventory
RESET /clear @s
RESET /kill @e[type=item,distance=..16]
RESET clean inventory before item 416

PLAN 416/799 item=minecraft:warped_slab resources=[3xminecraft:warped_planks, 1xminecraft:crafting_table] leafPlanFailures=[]
GIVE /give @s minecraft:warped_planks 3
GIVE /give @s minecraft:crafting_table 1
PASS item=minecraft:warped_slab reason=crafted output appeared in inventory
RESET /clear @s
RESET /kill @e[type=item,distance=..16]
RESET clean inventory before item 417

PLAN 417/799 item=minecraft:mangrove_slab resources=[3xminecraft:mangrove_planks, 1xminecraft:crafting_table] leafPlanFailures=[]
GIVE /give @s minecraft:mangrove_planks 3
GIVE /give @s minecraft:crafting_table 1
PASS item=minecraft:mangrove_slab reason=crafted output appeared in inventory
RESET /clear @s
RESET /kill @e[type=item,distance=..16]
RESET clean inventory before item 418

PLAN 418/799 item=minecraft:bamboo_slab resources=[3xminecraft:bamboo_planks, 1xminecraft:crafting_table] leafPlanFailures=[]
GIVE /give @s minecraft:bamboo_planks 3
GIVE /give @s minecraft:crafting_table 1
PASS item=minecraft:bamboo_slab reason=crafted output appeared in inventory
RESET /clear @s
RESET /kill @e[type=item,distance=..16]
RESET clean inventory before item 419

PLAN 419/799 item=minecraft:cherry_slab resources=[3xminecraft:cherry_planks, 1xminecraft:crafting_table] leafPlanFailures=[]
GIVE /give @s minecraft:cherry_planks 3
GIVE /give @s minecraft:crafting_table 1
PASS item=minecraft:cherry_slab reason=crafted output appeared in inventory
RESET /clear @s
RESET /kill @e[type=item,distance=..16]
RESET clean inventory before item 420

PLAN 420/799 item=minecraft:pale_oak_slab resources=[3xminecraft:pale_oak_planks, 1xminecraft:crafting_table] leafPlanFailures=[]
GIVE /give @s minecraft:pale_oak_planks 3
GIVE /give @s minecraft:crafting_table 1
PASS item=minecraft:pale_oak_slab reason=crafted output appeared in inventory
RESET /clear @s
RESET /kill @e[type=item,distance=..16]
RESET clean inventory before item 421

PLAN 421/799 item=minecraft:acacia_door resources=[6xminecraft:acacia_planks, 1xminecraft:crafting_table] leafPlanFailures=[]
GIVE /give @s minecraft:acacia_planks 6
GIVE /give @s minecraft:crafting_table 1
PASS item=minecraft:acacia_door reason=crafted output appeared in inventory
RESET /clear @s
RESET /kill @e[type=item,distance=..16]
RESET clean inventory before item 422

PLAN 422/799 item=minecraft:birch_door resources=[6xminecraft:birch_planks, 1xminecraft:crafting_table] leafPlanFailures=[]
GIVE /give @s minecraft:birch_planks 6
GIVE /give @s minecraft:crafting_table 1
PASS item=minecraft:birch_door reason=crafted output appeared in inventory
RESET /clear @s
RESET /kill @e[type=item,distance=..16]
RESET clean inventory before item 423

PLAN 423/799 item=minecraft:crimson_door resources=[6xminecraft:crimson_planks, 1xminecraft:crafting_table] leafPlanFailures=[]
GIVE /give @s minecraft:crimson_planks 6
GIVE /give @s minecraft:crafting_table 1
PASS item=minecraft:crimson_door reason=crafted output appeared in inventory
RESET /clear @s
RESET /kill @e[type=item,distance=..16]
RESET clean inventory before item 424

PLAN 424/799 item=minecraft:dark_oak_door resources=[6xminecraft:dark_oak_planks, 1xminecraft:crafting_table] leafPlanFailures=[]
GIVE /give @s minecraft:dark_oak_planks 6
GIVE /give @s minecraft:crafting_table 1
PASS item=minecraft:dark_oak_door reason=crafted output appeared in inventory
RESET /clear @s
RESET /kill @e[type=item,distance=..16]
RESET clean inventory before item 425

PLAN 425/799 item=minecraft:oak_door resources=[6xminecraft:oak_planks, 1xminecraft:crafting_table] leafPlanFailures=[]
GIVE /give @s minecraft:oak_planks 6
GIVE /give @s minecraft:crafting_table 1
PASS item=minecraft:oak_door reason=crafted output appeared in inventory
RESET /clear @s
RESET /kill @e[type=item,distance=..16]
RESET clean inventory before item 426

PLAN 426/799 item=minecraft:jungle_door resources=[6xminecraft:jungle_planks, 1xminecraft:crafting_table] leafPlanFailures=[]
GIVE /give @s minecraft:jungle_planks 6
GIVE /give @s minecraft:crafting_table 1
PASS item=minecraft:jungle_door reason=crafted output appeared in inventory
RESET /clear @s
RESET /kill @e[type=item,distance=..16]
RESET clean inventory before item 427

PLAN 427/799 item=minecraft:spruce_door resources=[6xminecraft:spruce_planks, 1xminecraft:crafting_table] leafPlanFailures=[]
GIVE /give @s minecraft:spruce_planks 6
GIVE /give @s minecraft:crafting_table 1
PASS item=minecraft:spruce_door reason=crafted output appeared in inventory
RESET /clear @s
RESET /kill @e[type=item,distance=..16]
RESET clean inventory before item 428

PLAN 428/799 item=minecraft:warped_door resources=[6xminecraft:warped_planks, 1xminecraft:crafting_table] leafPlanFailures=[]
GIVE /give @s minecraft:warped_planks 6
GIVE /give @s minecraft:crafting_table 1
PASS item=minecraft:warped_door reason=crafted output appeared in inventory
RESET /clear @s
RESET /kill @e[type=item,distance=..16]
RESET clean inventory before item 429

PLAN 429/799 item=minecraft:mangrove_door resources=[6xminecraft:mangrove_planks, 1xminecraft:crafting_table] leafPlanFailures=[]
GIVE /give @s minecraft:mangrove_planks 6
GIVE /give @s minecraft:crafting_table 1
PASS item=minecraft:mangrove_door reason=crafted output appeared in inventory
RESET /clear @s
RESET /kill @e[type=item,distance=..16]
RESET clean inventory before item 430

PLAN 430/799 item=minecraft:bamboo_door resources=[6xminecraft:bamboo_planks, 1xminecraft:crafting_table] leafPlanFailures=[]
GIVE /give @s minecraft:bamboo_planks 6
GIVE /give @s minecraft:crafting_table 1
PASS item=minecraft:bamboo_door reason=crafted output appeared in inventory
RESET /clear @s
RESET /kill @e[type=item,distance=..16]
RESET clean inventory before item 431

PLAN 431/799 item=minecraft:cherry_door resources=[6xminecraft:cherry_planks, 1xminecraft:crafting_table] leafPlanFailures=[]
GIVE /give @s minecraft:cherry_planks 6
GIVE /give @s minecraft:crafting_table 1
PASS item=minecraft:cherry_door reason=crafted output appeared in inventory
RESET /clear @s
RESET /kill @e[type=item,distance=..16]
RESET clean inventory before item 432

PLAN 432/799 item=minecraft:pale_oak_door resources=[6xminecraft:pale_oak_planks, 1xminecraft:crafting_table] leafPlanFailures=[]
GIVE /give @s minecraft:pale_oak_planks 6
GIVE /give @s minecraft:crafting_table 1
PASS item=minecraft:pale_oak_door reason=crafted output appeared in inventory
RESET /clear @s
RESET /kill @e[type=item,distance=..16]
RESET clean inventory before item 433

PLAN 433/799 item=minecraft:acacia_trapdoor resources=[6xminecraft:acacia_planks, 1xminecraft:crafting_table] leafPlanFailures=[]
GIVE /give @s minecraft:acacia_planks 6
GIVE /give @s minecraft:crafting_table 1
PASS item=minecraft:acacia_trapdoor reason=crafted output appeared in inventory
RESET /clear @s
RESET /kill @e[type=item,distance=..16]
RESET clean inventory before item 434

PLAN 434/799 item=minecraft:birch_trapdoor resources=[6xminecraft:birch_planks, 1xminecraft:crafting_table] leafPlanFailures=[]
GIVE /give @s minecraft:birch_planks 6
GIVE /give @s minecraft:crafting_table 1
PASS item=minecraft:birch_trapdoor reason=crafted output appeared in inventory
RESET /clear @s
RESET /kill @e[type=item,distance=..16]
RESET clean inventory before item 435

PLAN 435/799 item=minecraft:crimson_trapdoor resources=[6xminecraft:crimson_planks, 1xminecraft:crafting_table] leafPlanFailures=[]
GIVE /give @s minecraft:crimson_planks 6
GIVE /give @s minecraft:crafting_table 1
PASS item=minecraft:crimson_trapdoor reason=crafted output appeared in inventory
RESET /clear @s
RESET /kill @e[type=item,distance=..16]
RESET clean inventory before item 436

PLAN 436/799 item=minecraft:dark_oak_trapdoor resources=[6xminecraft:dark_oak_planks, 1xminecraft:crafting_table] leafPlanFailures=[]
GIVE /give @s minecraft:dark_oak_planks 6
GIVE /give @s minecraft:crafting_table 1
PASS item=minecraft:dark_oak_trapdoor reason=crafted output appeared in inventory
RESET /clear @s
RESET /kill @e[type=item,distance=..16]
RESET clean inventory before item 437

PLAN 437/799 item=minecraft:oak_trapdoor resources=[6xminecraft:oak_planks, 1xminecraft:crafting_table] leafPlanFailures=[]
GIVE /give @s minecraft:oak_planks 6
GIVE /give @s minecraft:crafting_table 1
PASS item=minecraft:oak_trapdoor reason=crafted output appeared in inventory
RESET /clear @s
RESET /kill @e[type=item,distance=..16]
RESET clean inventory before item 438

PLAN 438/799 item=minecraft:jungle_trapdoor resources=[6xminecraft:jungle_planks, 1xminecraft:crafting_table] leafPlanFailures=[]
GIVE /give @s minecraft:jungle_planks 6
GIVE /give @s minecraft:crafting_table 1
PASS item=minecraft:jungle_trapdoor reason=crafted output appeared in inventory
RESET /clear @s
RESET /kill @e[type=item,distance=..16]
RESET clean inventory before item 439

PLAN 439/799 item=minecraft:spruce_trapdoor resources=[6xminecraft:spruce_planks, 1xminecraft:crafting_table] leafPlanFailures=[]
GIVE /give @s minecraft:spruce_planks 6
GIVE /give @s minecraft:crafting_table 1
PASS item=minecraft:spruce_trapdoor reason=crafted output appeared in inventory
RESET /clear @s
RESET /kill @e[type=item,distance=..16]
RESET clean inventory before item 440

PLAN 440/799 item=minecraft:warped_trapdoor resources=[6xminecraft:warped_planks, 1xminecraft:crafting_table] leafPlanFailures=[]
GIVE /give @s minecraft:warped_planks 6
GIVE /give @s minecraft:crafting_table 1
PASS item=minecraft:warped_trapdoor reason=crafted output appeared in inventory
RESET /clear @s
RESET /kill @e[type=item,distance=..16]
RESET clean inventory before item 441

PLAN 441/799 item=minecraft:mangrove_trapdoor resources=[6xminecraft:mangrove_planks, 1xminecraft:crafting_table] leafPlanFailures=[]
GIVE /give @s minecraft:mangrove_planks 6
GIVE /give @s minecraft:crafting_table 1
PASS item=minecraft:mangrove_trapdoor reason=crafted output appeared in inventory
RESET /clear @s
RESET /kill @e[type=item,distance=..16]
RESET clean inventory before item 442

PLAN 442/799 item=minecraft:bamboo_trapdoor resources=[6xminecraft:bamboo_planks, 1xminecraft:crafting_table] leafPlanFailures=[]
GIVE /give @s minecraft:bamboo_planks 6
GIVE /give @s minecraft:crafting_table 1
PASS item=minecraft:bamboo_trapdoor reason=crafted output appeared in inventory
RESET /clear @s
RESET /kill @e[type=item,distance=..16]
RESET clean inventory before item 443

PLAN 443/799 item=minecraft:cherry_trapdoor resources=[6xminecraft:cherry_planks, 1xminecraft:crafting_table] leafPlanFailures=[]
GIVE /give @s minecraft:cherry_planks 6
GIVE /give @s minecraft:crafting_table 1
PASS item=minecraft:cherry_trapdoor reason=crafted output appeared in inventory
RESET /clear @s
RESET /kill @e[type=item,distance=..16]
RESET clean inventory before item 444

PLAN 444/799 item=minecraft:pale_oak_trapdoor resources=[6xminecraft:pale_oak_planks, 1xminecraft:crafting_table] leafPlanFailures=[]
GIVE /give @s minecraft:pale_oak_planks 6
GIVE /give @s minecraft:crafting_table 1
PASS item=minecraft:pale_oak_trapdoor reason=crafted output appeared in inventory
RESET /clear @s
RESET /kill @e[type=item,distance=..16]
RESET clean inventory before item 445

PLAN 445/799 item=minecraft:acacia_fence resources=[4xminecraft:acacia_planks, 2xminecraft:stick, 1xminecraft:crafting_table] leafPlanFailures=[]
GIVE /give @s minecraft:acacia_planks 4
GIVE /give @s minecraft:stick 2
GIVE /give @s minecraft:crafting_table 1
PASS item=minecraft:acacia_fence reason=crafted output appeared in inventory
RESET /clear @s
RESET /kill @e[type=item,distance=..16]
RESET clean inventory before item 446

PLAN 446/799 item=minecraft:birch_fence resources=[4xminecraft:birch_planks, 2xminecraft:stick, 1xminecraft:crafting_table] leafPlanFailures=[]
GIVE /give @s minecraft:birch_planks 4
GIVE /give @s minecraft:stick 2
GIVE /give @s minecraft:crafting_table 1
PASS item=minecraft:birch_fence reason=crafted output appeared in inventory
RESET /clear @s
RESET /kill @e[type=item,distance=..16]
RESET clean inventory before item 447

PLAN 447/799 item=minecraft:dark_oak_fence resources=[4xminecraft:dark_oak_planks, 2xminecraft:stick, 1xminecraft:crafting_table] leafPlanFailures=[]
GIVE /give @s minecraft:dark_oak_planks 4
GIVE /give @s minecraft:stick 2
GIVE /give @s minecraft:crafting_table 1
PASS item=minecraft:dark_oak_fence reason=crafted output appeared in inventory
RESET /clear @s
RESET /kill @e[type=item,distance=..16]
RESET clean inventory before item 448

PLAN 448/799 item=minecraft:oak_fence resources=[4xminecraft:oak_planks, 2xminecraft:stick, 1xminecraft:crafting_table] leafPlanFailures=[]
GIVE /give @s minecraft:oak_planks 4
GIVE /give @s minecraft:stick 2
GIVE /give @s minecraft:crafting_table 1
PASS item=minecraft:oak_fence reason=crafted output appeared in inventory
RESET /clear @s
RESET /kill @e[type=item,distance=..16]
RESET clean inventory before item 449

PLAN 449/799 item=minecraft:jungle_fence resources=[4xminecraft:jungle_planks, 2xminecraft:stick, 1xminecraft:crafting_table] leafPlanFailures=[]
GIVE /give @s minecraft:jungle_planks 4
GIVE /give @s minecraft:stick 2
GIVE /give @s minecraft:crafting_table 1
PASS item=minecraft:jungle_fence reason=crafted output appeared in inventory
RESET /clear @s
RESET /kill @e[type=item,distance=..16]
RESET clean inventory before item 450

PLAN 450/799 item=minecraft:spruce_fence resources=[4xminecraft:spruce_planks, 2xminecraft:stick, 1xminecraft:crafting_table] leafPlanFailures=[]
GIVE /give @s minecraft:spruce_planks 4
GIVE /give @s minecraft:stick 2
GIVE /give @s minecraft:crafting_table 1
PASS item=minecraft:spruce_fence reason=crafted output appeared in inventory
RESET /clear @s
RESET /kill @e[type=item,distance=..16]
RESET clean inventory before item 451

PLAN 451/799 item=minecraft:crimson_fence resources=[4xminecraft:crimson_planks, 2xminecraft:stick, 1xminecraft:crafting_table] leafPlanFailures=[]
GIVE /give @s minecraft:crimson_planks 4
GIVE /give @s minecraft:stick 2
GIVE /give @s minecraft:crafting_table 1
PASS item=minecraft:crimson_fence reason=crafted output appeared in inventory
RESET /clear @s
RESET /kill @e[type=item,distance=..16]
RESET clean inventory before item 452

PLAN 452/799 item=minecraft:warped_fence resources=[4xminecraft:warped_planks, 2xminecraft:stick, 1xminecraft:crafting_table] leafPlanFailures=[]
GIVE /give @s minecraft:warped_planks 4
GIVE /give @s minecraft:stick 2
GIVE /give @s minecraft:crafting_table 1
PASS item=minecraft:warped_fence reason=crafted output appeared in inventory
RESET /clear @s
RESET /kill @e[type=item,distance=..16]
RESET clean inventory before item 453

PLAN 453/799 item=minecraft:mangrove_fence resources=[4xminecraft:mangrove_planks, 2xminecraft:stick, 1xminecraft:crafting_table] leafPlanFailures=[]
GIVE /give @s minecraft:mangrove_planks 4
GIVE /give @s minecraft:stick 2
GIVE /give @s minecraft:crafting_table 1
PASS item=minecraft:mangrove_fence reason=crafted output appeared in inventory
RESET /clear @s
RESET /kill @e[type=item,distance=..16]
RESET clean inventory before item 454

PLAN 454/799 item=minecraft:bamboo_fence resources=[4xminecraft:bamboo_planks, 2xminecraft:stick, 1xminecraft:crafting_table] leafPlanFailures=[]
GIVE /give @s minecraft:bamboo_planks 4
GIVE /give @s minecraft:stick 2
GIVE /give @s minecraft:crafting_table 1
PASS item=minecraft:bamboo_fence reason=crafted output appeared in inventory
RESET /clear @s
RESET /kill @e[type=item,distance=..16]
RESET clean inventory before item 455

PLAN 455/799 item=minecraft:cherry_fence resources=[4xminecraft:cherry_planks, 2xminecraft:stick, 1xminecraft:crafting_table] leafPlanFailures=[]
GIVE /give @s minecraft:cherry_planks 4
GIVE /give @s minecraft:stick 2
GIVE /give @s minecraft:crafting_table 1
PASS item=minecraft:cherry_fence reason=crafted output appeared in inventory
RESET /clear @s
RESET /kill @e[type=item,distance=..16]
RESET clean inventory before item 456

PLAN 456/799 item=minecraft:pale_oak_fence resources=[4xminecraft:pale_oak_planks, 2xminecraft:stick, 1xminecraft:crafting_table] leafPlanFailures=[]
GIVE /give @s minecraft:pale_oak_planks 4
GIVE /give @s minecraft:stick 2
GIVE /give @s minecraft:crafting_table 1
PASS item=minecraft:pale_oak_fence reason=crafted output appeared in inventory
RESET /clear @s
RESET /kill @e[type=item,distance=..16]
RESET clean inventory before item 457

PLAN 457/799 item=minecraft:acacia_fence_gate resources=[4xminecraft:stick, 2xminecraft:acacia_planks, 1xminecraft:crafting_table] leafPlanFailures=[]
GIVE /give @s minecraft:stick 4
GIVE /give @s minecraft:acacia_planks 2
GIVE /give @s minecraft:crafting_table 1
PASS item=minecraft:acacia_fence_gate reason=crafted output appeared in inventory
RESET /clear @s
RESET /kill @e[type=item,distance=..16]
RESET clean inventory before item 458

PLAN 458/799 item=minecraft:birch_fence_gate resources=[4xminecraft:stick, 2xminecraft:birch_planks, 1xminecraft:crafting_table] leafPlanFailures=[]
GIVE /give @s minecraft:stick 4
GIVE /give @s minecraft:birch_planks 2
GIVE /give @s minecraft:crafting_table 1
PASS item=minecraft:birch_fence_gate reason=crafted output appeared in inventory
RESET /clear @s
RESET /kill @e[type=item,distance=..16]
RESET clean inventory before item 459

PLAN 459/799 item=minecraft:dark_oak_fence_gate resources=[4xminecraft:stick, 2xminecraft:dark_oak_planks, 1xminecraft:crafting_table] leafPlanFailures=[]
GIVE /give @s minecraft:stick 4
GIVE /give @s minecraft:dark_oak_planks 2
GIVE /give @s minecraft:crafting_table 1
PASS item=minecraft:dark_oak_fence_gate reason=crafted output appeared in inventory
RESET /clear @s
RESET /kill @e[type=item,distance=..16]
RESET clean inventory before item 460

PLAN 460/799 item=minecraft:oak_fence_gate resources=[4xminecraft:stick, 2xminecraft:oak_planks, 1xminecraft:crafting_table] leafPlanFailures=[]
GIVE /give @s minecraft:stick 4
GIVE /give @s minecraft:oak_planks 2
GIVE /give @s minecraft:crafting_table 1
PASS item=minecraft:oak_fence_gate reason=crafted output appeared in inventory
RESET /clear @s
RESET /kill @e[type=item,distance=..16]
RESET clean inventory before item 461

PLAN 461/799 item=minecraft:jungle_fence_gate resources=[4xminecraft:stick, 2xminecraft:jungle_planks, 1xminecraft:crafting_table] leafPlanFailures=[]
GIVE /give @s minecraft:stick 4
GIVE /give @s minecraft:jungle_planks 2
GIVE /give @s minecraft:crafting_table 1
PASS item=minecraft:jungle_fence_gate reason=crafted output appeared in inventory
RESET /clear @s
RESET /kill @e[type=item,distance=..16]
RESET clean inventory before item 462

PLAN 462/799 item=minecraft:spruce_fence_gate resources=[4xminecraft:stick, 2xminecraft:spruce_planks, 1xminecraft:crafting_table] leafPlanFailures=[]
GIVE /give @s minecraft:stick 4
GIVE /give @s minecraft:spruce_planks 2
GIVE /give @s minecraft:crafting_table 1
PASS item=minecraft:spruce_fence_gate reason=crafted output appeared in inventory
RESET /clear @s
RESET /kill @e[type=item,distance=..16]
RESET clean inventory before item 463

PLAN 463/799 item=minecraft:crimson_fence_gate resources=[4xminecraft:stick, 2xminecraft:crimson_planks, 1xminecraft:crafting_table] leafPlanFailures=[]
GIVE /give @s minecraft:stick 4
GIVE /give @s minecraft:crimson_planks 2
GIVE /give @s minecraft:crafting_table 1
PASS item=minecraft:crimson_fence_gate reason=crafted output appeared in inventory
RESET /clear @s
RESET /kill @e[type=item,distance=..16]
RESET clean inventory before item 464

PLAN 464/799 item=minecraft:warped_fence_gate resources=[4xminecraft:stick, 2xminecraft:warped_planks, 1xminecraft:crafting_table] leafPlanFailures=[]
GIVE /give @s minecraft:stick 4
GIVE /give @s minecraft:warped_planks 2
GIVE /give @s minecraft:crafting_table 1
PASS item=minecraft:warped_fence_gate reason=crafted output appeared in inventory
RESET /clear @s
RESET /kill @e[type=item,distance=..16]
RESET clean inventory before item 465

PLAN 465/799 item=minecraft:mangrove_fence_gate resources=[4xminecraft:stick, 2xminecraft:mangrove_planks, 1xminecraft:crafting_table] leafPlanFailures=[]
GIVE /give @s minecraft:stick 4
GIVE /give @s minecraft:mangrove_planks 2
GIVE /give @s minecraft:crafting_table 1
PASS item=minecraft:mangrove_fence_gate reason=crafted output appeared in inventory
RESET /clear @s
RESET /kill @e[type=item,distance=..16]
RESET clean inventory before item 466

PLAN 466/799 item=minecraft:bamboo_fence_gate resources=[4xminecraft:stick, 2xminecraft:bamboo_planks, 1xminecraft:crafting_table] leafPlanFailures=[]
GIVE /give @s minecraft:stick 4
GIVE /give @s minecraft:bamboo_planks 2
GIVE /give @s minecraft:crafting_table 1
PASS item=minecraft:bamboo_fence_gate reason=crafted output appeared in inventory
RESET /clear @s
RESET /kill @e[type=item,distance=..16]
RESET clean inventory before item 467

PLAN 467/799 item=minecraft:cherry_fence_gate resources=[4xminecraft:stick, 2xminecraft:cherry_planks, 1xminecraft:crafting_table] leafPlanFailures=[]
GIVE /give @s minecraft:stick 4
GIVE /give @s minecraft:cherry_planks 2
GIVE /give @s minecraft:crafting_table 1
PASS item=minecraft:cherry_fence_gate reason=crafted output appeared in inventory
RESET /clear @s
RESET /kill @e[type=item,distance=..16]
RESET clean inventory before item 468

PLAN 468/799 item=minecraft:pale_oak_fence_gate resources=[4xminecraft:stick, 2xminecraft:pale_oak_planks, 1xminecraft:crafting_table] leafPlanFailures=[]
GIVE /give @s minecraft:stick 4
GIVE /give @s minecraft:pale_oak_planks 2
GIVE /give @s minecraft:crafting_table 1
PASS item=minecraft:pale_oak_fence_gate reason=crafted output appeared in inventory
RESET /clear @s
RESET /kill @e[type=item,distance=..16]
RESET clean inventory before item 469

PLAN 469/799 item=minecraft:chiseled_bookshelf resources=[6xminecraft:acacia_planks, 3xminecraft:pale_oak_slab, 1xminecraft:crafting_table] leafPlanFailures=[]
GIVE /give @s minecraft:acacia_planks 6
GIVE /give @s minecraft:pale_oak_slab 3
GIVE /give @s minecraft:crafting_table 1
PASS item=minecraft:chiseled_bookshelf reason=crafted output appeared in inventory
RESET /clear @s
RESET /kill @e[type=item,distance=..16]
RESET clean inventory before item 470

PLAN 470/799 item=minecraft:barrel resources=[6xminecraft:acacia_planks, 2xminecraft:pale_oak_slab, 1xminecraft:crafting_table] leafPlanFailures=[]
GIVE /give @s minecraft:acacia_planks 6
GIVE /give @s minecraft:pale_oak_slab 2
GIVE /give @s minecraft:crafting_table 1
PASS item=minecraft:barrel reason=crafted output appeared in inventory
RESET /clear @s
RESET /kill @e[type=item,distance=..16]
RESET clean inventory before item 471

PLAN 471/799 item=minecraft:cartography_table resources=[2xminecraft:paper, 4xminecraft:acacia_planks, 1xminecraft:crafting_table] leafPlanFailures=[]
GIVE /give @s minecraft:paper 2
GIVE /give @s minecraft:acacia_planks 4
GIVE /give @s minecraft:crafting_table 1
PASS item=minecraft:cartography_table reason=crafted output appeared in inventory
RESET /clear @s
RESET /kill @e[type=item,distance=..16]
RESET clean inventory before item 472

PLAN 472/799 item=minecraft:composter resources=[7xminecraft:pale_oak_slab, 1xminecraft:crafting_table] leafPlanFailures=[]
GIVE /give @s minecraft:pale_oak_slab 7
GIVE /give @s minecraft:crafting_table 1
PASS item=minecraft:composter reason=crafted output appeared in inventory
RESET /clear @s
RESET /kill @e[type=item,distance=..16]
RESET clean inventory before item 473

PLAN 473/799 item=minecraft:fletching_table resources=[2xminecraft:flint, 4xminecraft:acacia_planks, 1xminecraft:crafting_table] leafPlanFailures=[]
GIVE /give @s minecraft:flint 2
GIVE /give @s minecraft:acacia_planks 4
GIVE /give @s minecraft:crafting_table 1
PASS item=minecraft:fletching_table reason=crafted output appeared in inventory
RESET /clear @s
RESET /kill @e[type=item,distance=..16]
RESET clean inventory before item 474

PLAN 474/799 item=minecraft:lectern resources=[4xminecraft:pale_oak_slab, 1xminecraft:bookshelf, 1xminecraft:crafting_table] leafPlanFailures=[]
GIVE /give @s minecraft:pale_oak_slab 4
GIVE /give @s minecraft:bookshelf 1
GIVE /give @s minecraft:crafting_table 1
PASS item=minecraft:lectern reason=crafted output appeared in inventory
RESET /clear @s
RESET /kill @e[type=item,distance=..16]
RESET clean inventory before item 475

PLAN 475/799 item=minecraft:heavy_weighted_pressure_plate resources=[2xminecraft:iron_ingot] leafPlanFailures=[]
GIVE /give @s minecraft:iron_ingot 2
PASS item=minecraft:heavy_weighted_pressure_plate reason=crafted output appeared in inventory
RESET /clear @s
RESET /kill @e[type=item,distance=..16]
RESET clean inventory before item 476

PLAN 476/799 item=minecraft:light_weighted_pressure_plate resources=[2xminecraft:gold_ingot] leafPlanFailures=[]
GIVE /give @s minecraft:gold_ingot 2
PASS item=minecraft:light_weighted_pressure_plate reason=crafted output appeared in inventory
RESET /clear @s
RESET /kill @e[type=item,distance=..16]
RESET clean inventory before item 477

PLAN 477/799 item=minecraft:daylight_detector resources=[3xminecraft:glass, 3xminecraft:quartz, 3xminecraft:pale_oak_slab, 1xminecraft:crafting_table] leafPlanFailures=[]
GIVE /give @s minecraft:glass 3
GIVE /give @s minecraft:quartz 3
GIVE /give @s minecraft:pale_oak_slab 3
GIVE /give @s minecraft:crafting_table 1
PASS item=minecraft:daylight_detector reason=crafted output appeared in inventory
RESET /clear @s
RESET /kill @e[type=item,distance=..16]
RESET clean inventory before item 478

PLAN 478/799 item=minecraft:tripwire_hook resources=[1xminecraft:iron_ingot, 1xminecraft:stick, 1xminecraft:acacia_planks, 1xminecraft:crafting_table] leafPlanFailures=[]
GIVE /give @s minecraft:iron_ingot 1
GIVE /give @s minecraft:stick 1
GIVE /give @s minecraft:acacia_planks 1
GIVE /give @s minecraft:crafting_table 1
PASS item=minecraft:tripwire_hook reason=crafted output appeared in inventory
RESET /clear @s
RESET /kill @e[type=item,distance=..16]
RESET clean inventory before item 479

PLAN 479/799 item=minecraft:trapped_chest resources=[1xminecraft:chest, 1xminecraft:tripwire_hook, 1xminecraft:crafting_table] leafPlanFailures=[]
GIVE /give @s minecraft:chest 1
GIVE /give @s minecraft:tripwire_hook 1
GIVE /give @s minecraft:crafting_table 1
PASS item=minecraft:trapped_chest reason=crafted output appeared in inventory
RESET /clear @s
RESET /kill @e[type=item,distance=..16]
RESET clean inventory before item 480

PLAN 480/799 item=minecraft:crossbow resources=[3xminecraft:stick, 1xminecraft:iron_ingot, 2xminecraft:string, 1xminecraft:tripwire_hook, 1xminecraft:crafting_table] leafPlanFailures=[]
GIVE /give @s minecraft:stick 3
GIVE /give @s minecraft:iron_ingot 1
GIVE /give @s minecraft:string 2
GIVE /give @s minecraft:tripwire_hook 1
GIVE /give @s minecraft:crafting_table 1
PASS item=minecraft:crossbow reason=crafted output appeared in inventory
RESET /clear @s
RESET /kill @e[type=item,distance=..16]
RESET clean inventory before item 481

PLAN 481/799 item=minecraft:tnt resources=[5xminecraft:gunpowder, 4xminecraft:red_sand, 1xminecraft:crafting_table] leafPlanFailures=[]
GIVE /give @s minecraft:gunpowder 5
GIVE /give @s minecraft:red_sand 4
GIVE /give @s minecraft:crafting_table 1
PASS item=minecraft:tnt reason=crafted output appeared in inventory
RESET /clear @s
RESET /kill @e[type=item,distance=..16]
RESET clean inventory before item 482

PLAN 482/799 item=minecraft:sticky_piston resources=[1xminecraft:slime_ball, 1xminecraft:piston] leafPlanFailures=[]
GIVE /give @s minecraft:slime_ball 1
GIVE /give @s minecraft:piston 1
PASS item=minecraft:sticky_piston reason=crafted output appeared in inventory
RESET /clear @s
RESET /kill @e[type=item,distance=..16]
RESET clean inventory before item 483

PLAN 483/799 item=minecraft:redstone_torch resources=[1xminecraft:redstone, 1xminecraft:stick] leafPlanFailures=[]
GIVE /give @s minecraft:redstone 1
GIVE /give @s minecraft:stick 1
PASS item=minecraft:redstone_torch reason=crafted output appeared in inventory
RESET /clear @s
RESET /kill @e[type=item,distance=..16]
RESET clean inventory before item 484

PLAN 484/799 item=minecraft:repeater resources=[2xminecraft:redstone_torch, 1xminecraft:redstone, 3xminecraft:stone, 1xminecraft:crafting_table] leafPlanFailures=[]
GIVE /give @s minecraft:redstone_torch 2
GIVE /give @s minecraft:redstone 1
GIVE /give @s minecraft:stone 3
GIVE /give @s minecraft:crafting_table 1
PASS item=minecraft:repeater reason=crafted output appeared in inventory
RESET /clear @s
RESET /kill @e[type=item,distance=..16]
RESET clean inventory before item 485

PLAN 485/799 item=minecraft:comparator resources=[3xminecraft:redstone_torch, 1xminecraft:quartz, 3xminecraft:stone, 1xminecraft:crafting_table] leafPlanFailures=[]
GIVE /give @s minecraft:redstone_torch 3
GIVE /give @s minecraft:quartz 1
GIVE /give @s minecraft:stone 3
GIVE /give @s minecraft:crafting_table 1
PASS item=minecraft:comparator reason=crafted output appeared in inventory
RESET /clear @s
RESET /kill @e[type=item,distance=..16]
RESET clean inventory before item 486

PLAN 486/799 item=minecraft:rail resources=[6xminecraft:iron_ingot, 1xminecraft:stick, 1xminecraft:crafting_table] leafPlanFailures=[]
GIVE /give @s minecraft:iron_ingot 6
GIVE /give @s minecraft:stick 1
GIVE /give @s minecraft:crafting_table 1
PASS item=minecraft:rail reason=crafted output appeared in inventory
RESET /clear @s
RESET /kill @e[type=item,distance=..16]
RESET clean inventory before item 487

PLAN 487/799 item=minecraft:powered_rail resources=[6xminecraft:gold_ingot, 1xminecraft:stick, 1xminecraft:redstone, 1xminecraft:crafting_table] leafPlanFailures=[]
GIVE /give @s minecraft:gold_ingot 6
GIVE /give @s minecraft:stick 1
GIVE /give @s minecraft:redstone 1
GIVE /give @s minecraft:crafting_table 1
PASS item=minecraft:powered_rail reason=crafted output appeared in inventory
RESET /clear @s
RESET /kill @e[type=item,distance=..16]
RESET clean inventory before item 488

PLAN 488/799 item=minecraft:detector_rail resources=[6xminecraft:iron_ingot, 1xminecraft:stone_pressure_plate, 1xminecraft:redstone, 1xminecraft:crafting_table] leafPlanFailures=[]
GIVE /give @s minecraft:iron_ingot 6
GIVE /give @s minecraft:stone_pressure_plate 1
GIVE /give @s minecraft:redstone 1
GIVE /give @s minecraft:crafting_table 1
PASS item=minecraft:detector_rail reason=crafted output appeared in inventory
RESET /clear @s
RESET /kill @e[type=item,distance=..16]
RESET clean inventory before item 489

PLAN 489/799 item=minecraft:activator_rail resources=[6xminecraft:iron_ingot, 2xminecraft:stick, 1xminecraft:redstone_torch, 1xminecraft:crafting_table] leafPlanFailures=[]
GIVE /give @s minecraft:iron_ingot 6
GIVE /give @s minecraft:stick 2
GIVE /give @s minecraft:redstone_torch 1
GIVE /give @s minecraft:crafting_table 1
PASS item=minecraft:activator_rail reason=crafted output appeared in inventory
RESET /clear @s
RESET /kill @e[type=item,distance=..16]
RESET clean inventory before item 490

PLAN 490/799 item=minecraft:hopper resources=[5xminecraft:iron_ingot, 1xminecraft:chest, 1xminecraft:crafting_table] leafPlanFailures=[]
GIVE /give @s minecraft:iron_ingot 5
GIVE /give @s minecraft:chest 1
GIVE /give @s minecraft:crafting_table 1
PASS item=minecraft:hopper reason=crafted output appeared in inventory
RESET /clear @s
RESET /kill @e[type=item,distance=..16]
RESET clean inventory before item 491

PLAN 491/799 item=minecraft:painting resources=[8xminecraft:stick, 1xminecraft:white_wool, 1xminecraft:crafting_table] leafPlanFailures=[]
GIVE /give @s minecraft:stick 8
GIVE /give @s minecraft:white_wool 1
GIVE /give @s minecraft:crafting_table 1
PASS item=minecraft:painting reason=crafted output appeared in inventory
RESET /clear @s
RESET /kill @e[type=item,distance=..16]
RESET clean inventory before item 492

PLAN 492/799 item=minecraft:item_frame resources=[8xminecraft:stick, 1xminecraft:leather, 1xminecraft:crafting_table] leafPlanFailures=[]
GIVE /give @s minecraft:stick 8
GIVE /give @s minecraft:leather 1
GIVE /give @s minecraft:crafting_table 1
PASS item=minecraft:item_frame reason=crafted output appeared in inventory
RESET /clear @s
RESET /kill @e[type=item,distance=..16]
RESET clean inventory before item 493

PLAN 493/799 item=minecraft:glow_item_frame resources=[1xminecraft:item_frame, 1xminecraft:glow_ink_sac, 1xminecraft:crafting_table] leafPlanFailures=[]
GIVE /give @s minecraft:item_frame 1
GIVE /give @s minecraft:glow_ink_sac 1
GIVE /give @s minecraft:crafting_table 1
PASS item=minecraft:glow_item_frame reason=crafted output appeared in inventory
RESET /clear @s
RESET /kill @e[type=item,distance=..16]
RESET clean inventory before item 494

PLAN 494/799 item=minecraft:chest_minecart resources=[1xminecraft:chest, 1xminecraft:minecart, 1xminecraft:crafting_table] leafPlanFailures=[]
GIVE /give @s minecraft:chest 1
GIVE /give @s minecraft:minecart 1
GIVE /give @s minecraft:crafting_table 1
PASS item=minecraft:chest_minecart reason=crafted output appeared in inventory
RESET /clear @s
RESET /kill @e[type=item,distance=..16]
RESET clean inventory before item 495

PLAN 495/799 item=minecraft:furnace_minecart resources=[1xminecraft:furnace, 1xminecraft:minecart, 1xminecraft:crafting_table] leafPlanFailures=[]
GIVE /give @s minecraft:furnace 1
GIVE /give @s minecraft:minecart 1
GIVE /give @s minecraft:crafting_table 1
PASS item=minecraft:furnace_minecart reason=crafted output appeared in inventory
RESET /clear @s
RESET /kill @e[type=item,distance=..16]
RESET clean inventory before item 496

PLAN 496/799 item=minecraft:hopper_minecart resources=[1xminecraft:hopper, 1xminecraft:minecart, 1xminecraft:crafting_table] leafPlanFailures=[]
GIVE /give @s minecraft:hopper 1
GIVE /give @s minecraft:minecart 1
GIVE /give @s minecraft:crafting_table 1
PASS item=minecraft:hopper_minecart reason=crafted output appeared in inventory
RESET /clear @s
RESET /kill @e[type=item,distance=..16]
RESET clean inventory before item 497

PLAN 497/799 item=minecraft:tnt_minecart resources=[1xminecraft:tnt, 1xminecraft:minecart, 1xminecraft:crafting_table] leafPlanFailures=[]
GIVE /give @s minecraft:tnt 1
GIVE /give @s minecraft:minecart 1
GIVE /give @s minecraft:crafting_table 1
PASS item=minecraft:tnt_minecart reason=crafted output appeared in inventory
RESET /clear @s
RESET /kill @e[type=item,distance=..16]
RESET clean inventory before item 498

PLAN 498/799 item=minecraft:mushroom_stew resources=[1xminecraft:brown_mushroom, 1xminecraft:red_mushroom, 1xminecraft:bowl, 1xminecraft:crafting_table] leafPlanFailures=[]
GIVE /give @s minecraft:brown_mushroom 1
GIVE /give @s minecraft:red_mushroom 1
GIVE /give @s minecraft:bowl 1
GIVE /give @s minecraft:crafting_table 1
PASS item=minecraft:mushroom_stew reason=crafted output appeared in inventory
RESET /clear @s
RESET /kill @e[type=item,distance=..16]
RESET clean inventory before item 499

PLAN 499/799 item=minecraft:suspicious_stew resources=[1xminecraft:bowl, 1xminecraft:brown_mushroom, 1xminecraft:red_mushroom, 1xminecraft:allium, 1xminecraft:crafting_table] leafPlanFailures=[]
GIVE /give @s minecraft:bowl 1
GIVE /give @s minecraft:brown_mushroom 1
GIVE /give @s minecraft:red_mushroom 1
GIVE /give @s minecraft:allium 1
GIVE /give @s minecraft:crafting_table 1
PASS item=minecraft:suspicious_stew reason=crafted output appeared in inventory
RESET /clear @s
RESET /kill @e[type=item,distance=..16]
RESET clean inventory before item 500

PLAN 500/799 item=minecraft:bread resources=[3xminecraft:wheat, 1xminecraft:crafting_table] leafPlanFailures=[]
GIVE /give @s minecraft:wheat 3
GIVE /give @s minecraft:crafting_table 1
PASS item=minecraft:bread reason=crafted output appeared in inventory
RESET /clear @s
RESET /kill @e[type=item,distance=..16]
RESET clean inventory before item 501

PLAN 501/799 item=minecraft:cookie resources=[2xminecraft:wheat, 1xminecraft:cocoa_beans, 1xminecraft:crafting_table] leafPlanFailures=[]
GIVE /give @s minecraft:wheat 2
GIVE /give @s minecraft:cocoa_beans 1
GIVE /give @s minecraft:crafting_table 1
PASS item=minecraft:cookie reason=crafted output appeared in inventory
RESET /clear @s
RESET /kill @e[type=item,distance=..16]
RESET clean inventory before item 502

PLAN 502/799 item=minecraft:pumpkin_pie resources=[1xminecraft:pumpkin, 1xminecraft:sugar, 1xminecraft:egg, 1xminecraft:crafting_table] leafPlanFailures=[]
GIVE /give @s minecraft:pumpkin 1
GIVE /give @s minecraft:sugar 1
GIVE /give @s minecraft:egg 1
GIVE /give @s minecraft:crafting_table 1
PASS item=minecraft:pumpkin_pie reason=crafted output appeared in inventory
RESET /clear @s
RESET /kill @e[type=item,distance=..16]
RESET clean inventory before item 503

PLAN 503/799 item=minecraft:cake resources=[1xminecraft:milk_bucket, 1xminecraft:milk_bucket, 1xminecraft:milk_bucket, 2xminecraft:sugar, 1xminecraft:egg, 3xminecraft:wheat, 1xminecraft:crafting_table] leafPlanFailures=[]
GIVE /give @s minecraft:milk_bucket 1
GIVE /give @s minecraft:milk_bucket 1
GIVE /give @s minecraft:milk_bucket 1
GIVE /give @s minecraft:sugar 2
GIVE /give @s minecraft:egg 1
GIVE /give @s minecraft:wheat 3
GIVE /give @s minecraft:crafting_table 1
PASS item=minecraft:cake reason=crafted output appeared in inventory
RESET /clear @s
RESET /kill @e[type=item,distance=..16]
RESET clean inventory before item 504

PLAN 504/799 item=minecraft:golden_carrot resources=[8xminecraft:gold_nugget, 1xminecraft:carrot, 1xminecraft:crafting_table] leafPlanFailures=[]
GIVE /give @s minecraft:gold_nugget 8
GIVE /give @s minecraft:carrot 1
GIVE /give @s minecraft:crafting_table 1
PASS item=minecraft:golden_carrot reason=crafted output appeared in inventory
RESET /clear @s
RESET /kill @e[type=item,distance=..16]
RESET clean inventory before item 505

PLAN 505/799 item=minecraft:golden_apple resources=[8xminecraft:gold_ingot, 1xminecraft:apple, 1xminecraft:crafting_table] leafPlanFailures=[]
GIVE /give @s minecraft:gold_ingot 8
GIVE /give @s minecraft:apple 1
GIVE /give @s minecraft:crafting_table 1
PASS item=minecraft:golden_apple reason=crafted output appeared in inventory
RESET /clear @s
RESET /kill @e[type=item,distance=..16]
RESET clean inventory before item 506

PLAN 506/799 item=minecraft:rabbit_stew resources=[1xminecraft:baked_potato, 1xminecraft:cooked_rabbit, 1xminecraft:bowl, 1xminecraft:carrot, 1xminecraft:brown_mushroom, 1xminecraft:crafting_table] leafPlanFailures=[]
GIVE /give @s minecraft:baked_potato 1
GIVE /give @s minecraft:cooked_rabbit 1
GIVE /give @s minecraft:bowl 1
GIVE /give @s minecraft:carrot 1
GIVE /give @s minecraft:brown_mushroom 1
GIVE /give @s minecraft:crafting_table 1
PASS item=minecraft:rabbit_stew reason=crafted output appeared in inventory
RESET /clear @s
RESET /kill @e[type=item,distance=..16]
RESET clean inventory before item 507

PLAN 507/799 item=minecraft:beetroot_soup resources=[1xminecraft:bowl, 6xminecraft:beetroot, 1xminecraft:crafting_table] leafPlanFailures=[]
GIVE /give @s minecraft:bowl 1
GIVE /give @s minecraft:beetroot 6
GIVE /give @s minecraft:crafting_table 1
PASS item=minecraft:beetroot_soup reason=crafted output appeared in inventory
RESET /clear @s
RESET /kill @e[type=item,distance=..16]
RESET clean inventory before item 508

PLAN 508/799 item=minecraft:acacia_chest_boat resources=[1xminecraft:chest, 1xminecraft:acacia_boat, 1xminecraft:crafting_table] leafPlanFailures=[]
GIVE /give @s minecraft:chest 1
GIVE /give @s minecraft:acacia_boat 1
GIVE /give @s minecraft:crafting_table 1
PASS item=minecraft:acacia_chest_boat reason=crafted output appeared in inventory
RESET /clear @s
RESET /kill @e[type=item,distance=..16]
RESET clean inventory before item 509

PLAN 509/799 item=minecraft:bamboo_chest_raft resources=[1xminecraft:chest, 1xminecraft:bamboo_raft, 1xminecraft:crafting_table] leafPlanFailures=[]
GIVE /give @s minecraft:chest 1
GIVE /give @s minecraft:bamboo_raft 1
GIVE /give @s minecraft:crafting_table 1
PASS item=minecraft:bamboo_chest_raft reason=crafted output appeared in inventory
RESET /clear @s
RESET /kill @e[type=item,distance=..16]
RESET clean inventory before item 510

PLAN 510/799 item=minecraft:bamboo_mosaic resources=[2xminecraft:bamboo_slab] leafPlanFailures=[]
GIVE /give @s minecraft:bamboo_slab 2
PASS item=minecraft:bamboo_mosaic reason=crafted output appeared in inventory
RESET /clear @s
RESET /kill @e[type=item,distance=..16]
RESET clean inventory before item 511

PLAN 511/799 item=minecraft:bamboo_mosaic_slab resources=[3xminecraft:bamboo_mosaic, 1xminecraft:crafting_table] leafPlanFailures=[]
GIVE /give @s minecraft:bamboo_mosaic 3
GIVE /give @s minecraft:crafting_table 1
PASS item=minecraft:bamboo_mosaic_slab reason=crafted output appeared in inventory
RESET /clear @s
RESET /kill @e[type=item,distance=..16]
RESET clean inventory before item 512

PLAN 512/799 item=minecraft:bamboo_mosaic_stairs resources=[6xminecraft:bamboo_mosaic, 1xminecraft:crafting_table] leafPlanFailures=[]
GIVE /give @s minecraft:bamboo_mosaic 6
GIVE /give @s minecraft:crafting_table 1
PASS item=minecraft:bamboo_mosaic_stairs reason=crafted output appeared in inventory
RESET /clear @s
RESET /kill @e[type=item,distance=..16]
RESET clean inventory before item 513

PLAN 513/799 item=minecraft:beacon resources=[5xminecraft:glass, 1xminecraft:nether_star, 3xminecraft:obsidian, 1xminecraft:crafting_table] leafPlanFailures=[]
GIVE /give @s minecraft:glass 5
GIVE /give @s minecraft:nether_star 1
GIVE /give @s minecraft:obsidian 3
GIVE /give @s minecraft:crafting_table 1
PASS item=minecraft:beacon reason=crafted output appeared in inventory
RESET /clear @s
RESET /kill @e[type=item,distance=..16]
RESET clean inventory before item 514

PLAN 514/799 item=minecraft:birch_chest_boat resources=[1xminecraft:chest, 1xminecraft:birch_boat, 1xminecraft:crafting_table] leafPlanFailures=[]
GIVE /give @s minecraft:chest 1
GIVE /give @s minecraft:birch_boat 1
GIVE /give @s minecraft:crafting_table 1
PASS item=minecraft:birch_chest_boat reason=crafted output appeared in inventory
RESET /clear @s
RESET /kill @e[type=item,distance=..16]
RESET clean inventory before item 515

PLAN 515/799 item=minecraft:black_banner resources=[6xminecraft:black_wool, 1xminecraft:stick, 1xminecraft:crafting_table] leafPlanFailures=[]
GIVE /give @s minecraft:black_wool 6
GIVE /give @s minecraft:stick 1
GIVE /give @s minecraft:crafting_table 1
PASS item=minecraft:black_banner reason=crafted output appeared in inventory
RESET /clear @s
RESET /kill @e[type=item,distance=..16]
RESET clean inventory before item 516

PLAN 516/799 item=minecraft:black_candle resources=[1xminecraft:candle, 1xminecraft:black_dye] leafPlanFailures=[]
GIVE /give @s minecraft:candle 1
GIVE /give @s minecraft:black_dye 1
PASS item=minecraft:black_candle reason=crafted output appeared in inventory
RESET /clear @s
RESET /kill @e[type=item,distance=..16]
RESET clean inventory before item 517

PLAN 517/799 item=minecraft:black_carpet resources=[2xminecraft:black_wool] leafPlanFailures=[]
GIVE /give @s minecraft:black_wool 2
PASS item=minecraft:black_carpet reason=crafted output appeared in inventory
RESET /clear @s
RESET /kill @e[type=item,distance=..16]
RESET clean inventory before item 518

PLAN 518/799 item=minecraft:black_concrete_powder resources=[4xminecraft:sand, 4xminecraft:gravel, 1xminecraft:black_dye, 1xminecraft:crafting_table] leafPlanFailures=[]
GIVE /give @s minecraft:sand 4
GIVE /give @s minecraft:gravel 4
GIVE /give @s minecraft:black_dye 1
GIVE /give @s minecraft:crafting_table 1
PASS item=minecraft:black_concrete_powder reason=crafted output appeared in inventory
RESET /clear @s
RESET /kill @e[type=item,distance=..16]
RESET clean inventory before item 519

PLAN 519/799 item=minecraft:black_dye resources=[1xminecraft:ink_sac, 1xminecraft:crafting_table] leafPlanFailures=[]
GIVE /give @s minecraft:ink_sac 1
GIVE /give @s minecraft:crafting_table 1
PASS item=minecraft:black_dye reason=crafted output appeared in inventory
RESET /clear @s
RESET /kill @e[type=item,distance=..16]
RESET clean inventory before item 520

PLAN 520/799 item=minecraft:black_stained_glass resources=[8xminecraft:glass, 1xminecraft:black_dye, 1xminecraft:crafting_table] leafPlanFailures=[]
GIVE /give @s minecraft:glass 8
GIVE /give @s minecraft:black_dye 1
GIVE /give @s minecraft:crafting_table 1
PASS item=minecraft:black_stained_glass reason=crafted output appeared in inventory
RESET /clear @s
RESET /kill @e[type=item,distance=..16]
RESET clean inventory before item 521

PLAN 521/799 item=minecraft:black_stained_glass_pane resources=[6xminecraft:black_stained_glass, 1xminecraft:crafting_table] leafPlanFailures=[]
GIVE /give @s minecraft:black_stained_glass 6
GIVE /give @s minecraft:crafting_table 1
PASS item=minecraft:black_stained_glass_pane reason=crafted output appeared in inventory
RESET /clear @s
RESET /kill @e[type=item,distance=..16]
RESET clean inventory before item 522

PLAN 522/799 item=minecraft:black_terracotta resources=[8xminecraft:terracotta, 1xminecraft:black_dye, 1xminecraft:crafting_table] leafPlanFailures=[]
GIVE /give @s minecraft:terracotta 8
GIVE /give @s minecraft:black_dye 1
GIVE /give @s minecraft:crafting_table 1
PASS item=minecraft:black_terracotta reason=crafted output appeared in inventory
RESET /clear @s
RESET /kill @e[type=item,distance=..16]
RESET clean inventory before item 523

PLAN 523/799 item=minecraft:blue_banner resources=[6xminecraft:blue_wool, 1xminecraft:stick, 1xminecraft:crafting_table] leafPlanFailures=[]
GIVE /give @s minecraft:blue_wool 6
GIVE /give @s minecraft:stick 1
GIVE /give @s minecraft:crafting_table 1
PASS item=minecraft:blue_banner reason=crafted output appeared in inventory
RESET /clear @s
RESET /kill @e[type=item,distance=..16]
RESET clean inventory before item 524

PLAN 524/799 item=minecraft:blue_candle resources=[1xminecraft:candle, 1xminecraft:blue_dye] leafPlanFailures=[]
GIVE /give @s minecraft:candle 1
GIVE /give @s minecraft:blue_dye 1
PASS item=minecraft:blue_candle reason=crafted output appeared in inventory
RESET /clear @s
RESET /kill @e[type=item,distance=..16]
RESET clean inventory before item 525

PLAN 525/799 item=minecraft:blue_carpet resources=[2xminecraft:blue_wool] leafPlanFailures=[]
GIVE /give @s minecraft:blue_wool 2
PASS item=minecraft:blue_carpet reason=crafted output appeared in inventory
RESET /clear @s
RESET /kill @e[type=item,distance=..16]
RESET clean inventory before item 526

PLAN 526/799 item=minecraft:blue_concrete_powder resources=[4xminecraft:sand, 4xminecraft:gravel, 1xminecraft:blue_dye, 1xminecraft:crafting_table] leafPlanFailures=[]
GIVE /give @s minecraft:sand 4
GIVE /give @s minecraft:gravel 4
GIVE /give @s minecraft:blue_dye 1
GIVE /give @s minecraft:crafting_table 1
PASS item=minecraft:blue_concrete_powder reason=crafted output appeared in inventory
RESET /clear @s
RESET /kill @e[type=item,distance=..16]
RESET clean inventory before item 527

PLAN 527/799 item=minecraft:blue_dye resources=[1xminecraft:lapis_lazuli, 1xminecraft:crafting_table] leafPlanFailures=[]
GIVE /give @s minecraft:lapis_lazuli 1
GIVE /give @s minecraft:crafting_table 1
PASS item=minecraft:blue_dye reason=crafted output appeared in inventory
RESET /clear @s
RESET /kill @e[type=item,distance=..16]
RESET clean inventory before item 528

PLAN 528/799 item=minecraft:blue_ice resources=[9xminecraft:packed_ice, 1xminecraft:crafting_table] leafPlanFailures=[]
GIVE /give @s minecraft:packed_ice 9
GIVE /give @s minecraft:crafting_table 1
PASS item=minecraft:blue_ice reason=crafted output appeared in inventory
RESET /clear @s
RESET /kill @e[type=item,distance=..16]
RESET clean inventory before item 529

PLAN 529/799 item=minecraft:blue_stained_glass resources=[8xminecraft:glass, 1xminecraft:blue_dye, 1xminecraft:crafting_table] leafPlanFailures=[]
GIVE /give @s minecraft:glass 8
GIVE /give @s minecraft:blue_dye 1
GIVE /give @s minecraft:crafting_table 1
PASS item=minecraft:blue_stained_glass reason=crafted output appeared in inventory
RESET /clear @s
RESET /kill @e[type=item,distance=..16]
RESET clean inventory before item 530

PLAN 530/799 item=minecraft:blue_stained_glass_pane resources=[6xminecraft:blue_stained_glass, 1xminecraft:crafting_table] leafPlanFailures=[]
GIVE /give @s minecraft:blue_stained_glass 6
GIVE /give @s minecraft:crafting_table 1
PASS item=minecraft:blue_stained_glass_pane reason=crafted output appeared in inventory
RESET /clear @s
RESET /kill @e[type=item,distance=..16]
RESET clean inventory before item 531

PLAN 531/799 item=minecraft:blue_terracotta resources=[8xminecraft:terracotta, 1xminecraft:blue_dye, 1xminecraft:crafting_table] leafPlanFailures=[]
GIVE /give @s minecraft:terracotta 8
GIVE /give @s minecraft:blue_dye 1
GIVE /give @s minecraft:crafting_table 1
PASS item=minecraft:blue_terracotta reason=crafted output appeared in inventory
RESET /clear @s
RESET /kill @e[type=item,distance=..16]
RESET clean inventory before item 532

PLAN 532/799 item=minecraft:bolt_armor_trim_smithing_template resources=[7xminecraft:diamond, 1xminecraft:bolt_armor_trim_smithing_template, 1xminecraft:waxed_copper_block, 1xminecraft:crafting_table] leafPlanFailures=[]
GIVE /give @s minecraft:diamond 7
GIVE /give @s minecraft:bolt_armor_trim_smithing_template 1
GIVE /give @s minecraft:waxed_copper_block 1
GIVE /give @s minecraft:crafting_table 1
PASS item=minecraft:bolt_armor_trim_smithing_template reason=crafted output appeared in inventory
RESET /clear @s
RESET /kill @e[type=item,distance=..16]
RESET clean inventory before item 533

PLAN 533/799 item=minecraft:bone_block resources=[9xminecraft:bone_meal, 1xminecraft:crafting_table] leafPlanFailures=[]
GIVE /give @s minecraft:bone_meal 9
GIVE /give @s minecraft:crafting_table 1
PASS item=minecraft:bone_block reason=crafted output appeared in inventory
RESET /clear @s
RESET /kill @e[type=item,distance=..16]
RESET clean inventory before item 534

PLAN 534/799 item=minecraft:bordure_indented_banner_pattern resources=[1xminecraft:paper, 1xminecraft:vine, 1xminecraft:crafting_table] leafPlanFailures=[]
GIVE /give @s minecraft:paper 1
GIVE /give @s minecraft:vine 1
GIVE /give @s minecraft:crafting_table 1
PASS item=minecraft:bordure_indented_banner_pattern reason=crafted output appeared in inventory
RESET /clear @s
RESET /kill @e[type=item,distance=..16]
RESET clean inventory before item 535

PLAN 535/799 item=minecraft:brown_banner resources=[6xminecraft:brown_wool, 1xminecraft:stick, 1xminecraft:crafting_table] leafPlanFailures=[]
GIVE /give @s minecraft:brown_wool 6
GIVE /give @s minecraft:stick 1
GIVE /give @s minecraft:crafting_table 1
PASS item=minecraft:brown_banner reason=crafted output appeared in inventory
RESET /clear @s
RESET /kill @e[type=item,distance=..16]
RESET clean inventory before item 536

PLAN 536/799 item=minecraft:brown_candle resources=[1xminecraft:candle, 1xminecraft:brown_dye] leafPlanFailures=[]
GIVE /give @s minecraft:candle 1
GIVE /give @s minecraft:brown_dye 1
PASS item=minecraft:brown_candle reason=crafted output appeared in inventory
RESET /clear @s
RESET /kill @e[type=item,distance=..16]
RESET clean inventory before item 537

PLAN 537/799 item=minecraft:brown_carpet resources=[2xminecraft:brown_wool] leafPlanFailures=[]
GIVE /give @s minecraft:brown_wool 2
PASS item=minecraft:brown_carpet reason=crafted output appeared in inventory
RESET /clear @s
RESET /kill @e[type=item,distance=..16]
RESET clean inventory before item 538

PLAN 538/799 item=minecraft:brown_concrete_powder resources=[4xminecraft:sand, 4xminecraft:gravel, 1xminecraft:brown_dye, 1xminecraft:crafting_table] leafPlanFailures=[]
GIVE /give @s minecraft:sand 4
GIVE /give @s minecraft:gravel 4
GIVE /give @s minecraft:brown_dye 1
GIVE /give @s minecraft:crafting_table 1
PASS item=minecraft:brown_concrete_powder reason=crafted output appeared in inventory
RESET /clear @s
RESET /kill @e[type=item,distance=..16]
RESET clean inventory before item 539

PLAN 539/799 item=minecraft:brown_dye resources=[1xminecraft:cocoa_beans, 1xminecraft:crafting_table] leafPlanFailures=[]
GIVE /give @s minecraft:cocoa_beans 1
GIVE /give @s minecraft:crafting_table 1
PASS item=minecraft:brown_dye reason=crafted output appeared in inventory
RESET /clear @s
RESET /kill @e[type=item,distance=..16]
RESET clean inventory before item 540

PLAN 540/799 item=minecraft:brown_stained_glass resources=[8xminecraft:glass, 1xminecraft:brown_dye, 1xminecraft:crafting_table] leafPlanFailures=[]
GIVE /give @s minecraft:glass 8
GIVE /give @s minecraft:brown_dye 1
GIVE /give @s minecraft:crafting_table 1
PASS item=minecraft:brown_stained_glass reason=crafted output appeared in inventory
RESET /clear @s
RESET /kill @e[type=item,distance=..16]
RESET clean inventory before item 541

PLAN 541/799 item=minecraft:brown_stained_glass_pane resources=[6xminecraft:brown_stained_glass, 1xminecraft:crafting_table] leafPlanFailures=[]
GIVE /give @s minecraft:brown_stained_glass 6
GIVE /give @s minecraft:crafting_table 1
PASS item=minecraft:brown_stained_glass_pane reason=crafted output appeared in inventory
RESET /clear @s
RESET /kill @e[type=item,distance=..16]
RESET clean inventory before item 542

PLAN 542/799 item=minecraft:brown_terracotta resources=[8xminecraft:terracotta, 1xminecraft:brown_dye, 1xminecraft:crafting_table] leafPlanFailures=[]
GIVE /give @s minecraft:terracotta 8
GIVE /give @s minecraft:brown_dye 1
GIVE /give @s minecraft:crafting_table 1
PASS item=minecraft:brown_terracotta reason=crafted output appeared in inventory
RESET /clear @s
RESET /kill @e[type=item,distance=..16]
RESET clean inventory before item 543

PLAN 543/799 item=minecraft:bundle resources=[1xminecraft:string, 1xminecraft:leather] leafPlanFailures=[]
GIVE /give @s minecraft:string 1
GIVE /give @s minecraft:leather 1
PASS item=minecraft:bundle reason=crafted output appeared in inventory
RESET /clear @s
RESET /kill @e[type=item,distance=..16]
RESET clean inventory before item 544

PLAN 544/799 item=minecraft:calibrated_sculk_sensor resources=[3xminecraft:amethyst_shard, 1xminecraft:sculk_sensor, 1xminecraft:crafting_table] leafPlanFailures=[]
GIVE /give @s minecraft:amethyst_shard 3
GIVE /give @s minecraft:sculk_sensor 1
GIVE /give @s minecraft:crafting_table 1
PASS item=minecraft:calibrated_sculk_sensor reason=crafted output appeared in inventory
RESET /clear @s
RESET /kill @e[type=item,distance=..16]
RESET clean inventory before item 545

PLAN 545/799 item=minecraft:cherry_chest_boat resources=[1xminecraft:chest, 1xminecraft:cherry_boat, 1xminecraft:crafting_table] leafPlanFailures=[]
GIVE /give @s minecraft:chest 1
GIVE /give @s minecraft:cherry_boat 1
GIVE /give @s minecraft:crafting_table 1
PASS item=minecraft:cherry_chest_boat reason=crafted output appeared in inventory
RESET /clear @s
RESET /kill @e[type=item,distance=..16]
RESET clean inventory before item 546

PLAN 546/799 item=minecraft:chiseled_copper resources=[2xminecraft:cut_copper_slab] leafPlanFailures=[]
GIVE /give @s minecraft:cut_copper_slab 2
PASS item=minecraft:chiseled_copper reason=crafted output appeared in inventory
RESET /clear @s
RESET /kill @e[type=item,distance=..16]
RESET clean inventory before item 547

PLAN 547/799 item=minecraft:chiseled_polished_blackstone resources=[2xminecraft:polished_blackstone_slab] leafPlanFailures=[]
GIVE /give @s minecraft:polished_blackstone_slab 2
PASS item=minecraft:chiseled_polished_blackstone reason=crafted output appeared in inventory
RESET /clear @s
RESET /kill @e[type=item,distance=..16]
RESET clean inventory before item 548

PLAN 548/799 item=minecraft:chiseled_tuff resources=[2xminecraft:tuff_slab] leafPlanFailures=[]
GIVE /give @s minecraft:tuff_slab 2
PASS item=minecraft:chiseled_tuff reason=crafted output appeared in inventory
RESET /clear @s
RESET /kill @e[type=item,distance=..16]
RESET clean inventory before item 549

PLAN 549/799 item=minecraft:chiseled_tuff_bricks resources=[2xminecraft:tuff_brick_slab] leafPlanFailures=[]
GIVE /give @s minecraft:tuff_brick_slab 2
PASS item=minecraft:chiseled_tuff_bricks reason=crafted output appeared in inventory
RESET /clear @s
RESET /kill @e[type=item,distance=..16]
RESET clean inventory before item 550

PLAN 550/799 item=minecraft:coast_armor_trim_smithing_template resources=[7xminecraft:diamond, 1xminecraft:coast_armor_trim_smithing_template, 1xminecraft:cobblestone, 1xminecraft:crafting_table] leafPlanFailures=[]
GIVE /give @s minecraft:diamond 7
GIVE /give @s minecraft:coast_armor_trim_smithing_template 1
GIVE /give @s minecraft:cobblestone 1
GIVE /give @s minecraft:crafting_table 1
PASS item=minecraft:coast_armor_trim_smithing_template reason=crafted output appeared in inventory
RESET /clear @s
RESET /kill @e[type=item,distance=..16]
RESET clean inventory before item 551

PLAN 551/799 item=minecraft:conduit resources=[8xminecraft:nautilus_shell, 1xminecraft:heart_of_the_sea, 1xminecraft:crafting_table] leafPlanFailures=[]
GIVE /give @s minecraft:nautilus_shell 8
GIVE /give @s minecraft:heart_of_the_sea 1
GIVE /give @s minecraft:crafting_table 1
PASS item=minecraft:conduit reason=crafted output appeared in inventory
RESET /clear @s
RESET /kill @e[type=item,distance=..16]
RESET clean inventory before item 552

PLAN 552/799 item=minecraft:copper_bulb resources=[3xminecraft:copper_block, 1xminecraft:blaze_rod, 1xminecraft:redstone, 1xminecraft:crafting_table] leafPlanFailures=[]
GIVE /give @s minecraft:copper_block 3
GIVE /give @s minecraft:blaze_rod 1
GIVE /give @s minecraft:redstone 1
GIVE /give @s minecraft:crafting_table 1
PASS item=minecraft:copper_bulb reason=crafted output appeared in inventory
RESET /clear @s
RESET /kill @e[type=item,distance=..16]
RESET clean inventory before item 553

PLAN 553/799 item=minecraft:copper_door resources=[6xminecraft:copper_ingot, 1xminecraft:crafting_table] leafPlanFailures=[]
GIVE /give @s minecraft:copper_ingot 6
GIVE /give @s minecraft:crafting_table 1
PASS item=minecraft:copper_door reason=crafted output appeared in inventory
RESET /clear @s
RESET /kill @e[type=item,distance=..16]
RESET clean inventory before item 554

PLAN 554/799 item=minecraft:copper_grate resources=[4xminecraft:copper_block, 1xminecraft:crafting_table] leafPlanFailures=[]
GIVE /give @s minecraft:copper_block 4
GIVE /give @s minecraft:crafting_table 1
PASS item=minecraft:copper_grate reason=crafted output appeared in inventory
RESET /clear @s
RESET /kill @e[type=item,distance=..16]
RESET clean inventory before item 555

PLAN 555/799 item=minecraft:copper_trapdoor resources=[6xminecraft:copper_ingot, 1xminecraft:crafting_table] leafPlanFailures=[]
GIVE /give @s minecraft:copper_ingot 6
GIVE /give @s minecraft:crafting_table 1
PASS item=minecraft:copper_trapdoor reason=crafted output appeared in inventory
RESET /clear @s
RESET /kill @e[type=item,distance=..16]
RESET clean inventory before item 556

PLAN 556/799 item=minecraft:crafter resources=[5xminecraft:iron_ingot, 2xminecraft:crafting_table, 2xminecraft:redstone, 1xminecraft:dropper] leafPlanFailures=[]
GIVE /give @s minecraft:iron_ingot 5
GIVE /give @s minecraft:crafting_table 2
GIVE /give @s minecraft:redstone 2
GIVE /give @s minecraft:dropper 1
PASS item=minecraft:crafter reason=crafted output appeared in inventory
RESET /clear @s
RESET /kill @e[type=item,distance=..16]
RESET clean inventory before item 557

PLAN 557/799 item=minecraft:creeper_banner_pattern resources=[1xminecraft:paper, 1xminecraft:creeper_head, 1xminecraft:crafting_table] leafPlanFailures=[]
GIVE /give @s minecraft:paper 1
GIVE /give @s minecraft:creeper_head 1
GIVE /give @s minecraft:crafting_table 1
PASS item=minecraft:creeper_banner_pattern reason=crafted output appeared in inventory
RESET /clear @s
RESET /kill @e[type=item,distance=..16]
RESET clean inventory before item 558

PLAN 558/799 item=minecraft:cyan_banner resources=[6xminecraft:cyan_wool, 1xminecraft:stick, 1xminecraft:crafting_table] leafPlanFailures=[]
GIVE /give @s minecraft:cyan_wool 6
GIVE /give @s minecraft:stick 1
GIVE /give @s minecraft:crafting_table 1
PASS item=minecraft:cyan_banner reason=crafted output appeared in inventory
RESET /clear @s
RESET /kill @e[type=item,distance=..16]
RESET clean inventory before item 559

PLAN 559/799 item=minecraft:cyan_candle resources=[1xminecraft:candle, 1xminecraft:cyan_dye] leafPlanFailures=[]
GIVE /give @s minecraft:candle 1
GIVE /give @s minecraft:cyan_dye 1
PASS item=minecraft:cyan_candle reason=crafted output appeared in inventory
RESET /clear @s
RESET /kill @e[type=item,distance=..16]
RESET clean inventory before item 560

PLAN 560/799 item=minecraft:cyan_carpet resources=[2xminecraft:cyan_wool] leafPlanFailures=[]
GIVE /give @s minecraft:cyan_wool 2
PASS item=minecraft:cyan_carpet reason=crafted output appeared in inventory
RESET /clear @s
RESET /kill @e[type=item,distance=..16]
RESET clean inventory before item 561

PLAN 561/799 item=minecraft:cyan_concrete_powder resources=[4xminecraft:sand, 4xminecraft:gravel, 1xminecraft:cyan_dye, 1xminecraft:crafting_table] leafPlanFailures=[]
GIVE /give @s minecraft:sand 4
GIVE /give @s minecraft:gravel 4
GIVE /give @s minecraft:cyan_dye 1
GIVE /give @s minecraft:crafting_table 1
PASS item=minecraft:cyan_concrete_powder reason=crafted output appeared in inventory
RESET /clear @s
RESET /kill @e[type=item,distance=..16]
RESET clean inventory before item 562

PLAN 562/799 item=minecraft:cyan_dye resources=[1xminecraft:pitcher_plant, 1xminecraft:crafting_table] leafPlanFailures=[]
GIVE /give @s minecraft:pitcher_plant 1
GIVE /give @s minecraft:crafting_table 1
PASS item=minecraft:cyan_dye reason=crafted output appeared in inventory
RESET /clear @s
RESET /kill @e[type=item,distance=..16]
RESET clean inventory before item 563

PLAN 563/799 item=minecraft:cyan_stained_glass resources=[8xminecraft:glass, 1xminecraft:cyan_dye, 1xminecraft:crafting_table] leafPlanFailures=[]
GIVE /give @s minecraft:glass 8
GIVE /give @s minecraft:cyan_dye 1
GIVE /give @s minecraft:crafting_table 1
PASS item=minecraft:cyan_stained_glass reason=crafted output appeared in inventory
RESET /clear @s
RESET /kill @e[type=item,distance=..16]
RESET clean inventory before item 564

PLAN 564/799 item=minecraft:cyan_stained_glass_pane resources=[6xminecraft:cyan_stained_glass, 1xminecraft:crafting_table] leafPlanFailures=[]
GIVE /give @s minecraft:cyan_stained_glass 6
GIVE /give @s minecraft:crafting_table 1
PASS item=minecraft:cyan_stained_glass_pane reason=crafted output appeared in inventory
RESET /clear @s
RESET /kill @e[type=item,distance=..16]
RESET clean inventory before item 565

PLAN 565/799 item=minecraft:cyan_terracotta resources=[8xminecraft:terracotta, 1xminecraft:cyan_dye, 1xminecraft:crafting_table] leafPlanFailures=[]
GIVE /give @s minecraft:terracotta 8
GIVE /give @s minecraft:cyan_dye 1
GIVE /give @s minecraft:crafting_table 1
PASS item=minecraft:cyan_terracotta reason=crafted output appeared in inventory
RESET /clear @s
RESET /kill @e[type=item,distance=..16]
RESET clean inventory before item 566

PLAN 566/799 item=minecraft:dark_oak_chest_boat resources=[1xminecraft:chest, 1xminecraft:dark_oak_boat, 1xminecraft:crafting_table] leafPlanFailures=[]
GIVE /give @s minecraft:chest 1
GIVE /give @s minecraft:dark_oak_boat 1
GIVE /give @s minecraft:crafting_table 1
PASS item=minecraft:dark_oak_chest_boat reason=crafted output appeared in inventory
RESET /clear @s
RESET /kill @e[type=item,distance=..16]
RESET clean inventory before item 567

PLAN 567/799 item=minecraft:dark_prismarine resources=[8xminecraft:prismarine_shard, 1xminecraft:black_dye, 1xminecraft:crafting_table] leafPlanFailures=[]
GIVE /give @s minecraft:prismarine_shard 8
GIVE /give @s minecraft:black_dye 1
GIVE /give @s minecraft:crafting_table 1
PASS item=minecraft:dark_prismarine reason=crafted output appeared in inventory
RESET /clear @s
RESET /kill @e[type=item,distance=..16]
RESET clean inventory before item 568

PLAN 568/799 item=minecraft:dark_prismarine_slab resources=[3xminecraft:dark_prismarine, 1xminecraft:crafting_table] leafPlanFailures=[]
GIVE /give @s minecraft:dark_prismarine 3
GIVE /give @s minecraft:crafting_table 1
PASS item=minecraft:dark_prismarine_slab reason=crafted output appeared in inventory
RESET /clear @s
RESET /kill @e[type=item,distance=..16]
RESET clean inventory before item 569

PLAN 569/799 item=minecraft:dark_prismarine_stairs resources=[6xminecraft:dark_prismarine, 1xminecraft:crafting_table] leafPlanFailures=[]
GIVE /give @s minecraft:dark_prismarine 6
GIVE /give @s minecraft:crafting_table 1
PASS item=minecraft:dark_prismarine_stairs reason=crafted output appeared in inventory
RESET /clear @s
RESET /kill @e[type=item,distance=..16]
RESET clean inventory before item 570

PLAN 570/799 item=minecraft:dried_kelp resources=[1xminecraft:dried_kelp_block, 1xminecraft:crafting_table] leafPlanFailures=[]
GIVE /give @s minecraft:dried_kelp_block 1
GIVE /give @s minecraft:crafting_table 1
PASS item=minecraft:dried_kelp reason=crafted output appeared in inventory
RESET /clear @s
RESET /kill @e[type=item,distance=..16]
RESET clean inventory before item 571

PLAN 571/799 item=minecraft:dried_kelp_block resources=[9xminecraft:dried_kelp, 1xminecraft:crafting_table] leafPlanFailures=[]
GIVE /give @s minecraft:dried_kelp 9
GIVE /give @s minecraft:crafting_table 1
PASS item=minecraft:dried_kelp_block reason=crafted output appeared in inventory
RESET /clear @s
RESET /kill @e[type=item,distance=..16]
RESET clean inventory before item 572

PLAN 572/799 item=minecraft:dune_armor_trim_smithing_template resources=[7xminecraft:diamond, 1xminecraft:dune_armor_trim_smithing_template, 1xminecraft:sandstone, 1xminecraft:crafting_table] leafPlanFailures=[]
GIVE /give @s minecraft:diamond 7
GIVE /give @s minecraft:dune_armor_trim_smithing_template 1
GIVE /give @s minecraft:sandstone 1
GIVE /give @s minecraft:crafting_table 1
PASS item=minecraft:dune_armor_trim_smithing_template reason=crafted output appeared in inventory
RESET /clear @s
RESET /kill @e[type=item,distance=..16]
RESET clean inventory before item 573

PLAN 573/799 item=minecraft:end_crystal resources=[7xminecraft:glass, 1xminecraft:ender_eye, 1xminecraft:ghast_tear, 1xminecraft:crafting_table] leafPlanFailures=[]
GIVE /give @s minecraft:glass 7
GIVE /give @s minecraft:ender_eye 1
GIVE /give @s minecraft:ghast_tear 1
GIVE /give @s minecraft:crafting_table 1
PASS item=minecraft:end_crystal reason=crafted output appeared in inventory
RESET /clear @s
RESET /kill @e[type=item,distance=..16]
RESET clean inventory before item 574

PLAN 574/799 item=minecraft:end_rod resources=[1xminecraft:blaze_rod, 1xminecraft:popped_chorus_fruit] leafPlanFailures=[]
GIVE /give @s minecraft:blaze_rod 1
GIVE /give @s minecraft:popped_chorus_fruit 1
PASS item=minecraft:end_rod reason=crafted output appeared in inventory
RESET /clear @s
RESET /kill @e[type=item,distance=..16]
RESET clean inventory before item 575

PLAN 575/799 item=minecraft:end_stone_brick_slab resources=[3xminecraft:end_stone_bricks, 1xminecraft:crafting_table] leafPlanFailures=[]
GIVE /give @s minecraft:end_stone_bricks 3
GIVE /give @s minecraft:crafting_table 1
PASS item=minecraft:end_stone_brick_slab reason=crafted output appeared in inventory
RESET /clear @s
RESET /kill @e[type=item,distance=..16]
RESET clean inventory before item 576

PLAN 576/799 item=minecraft:end_stone_brick_stairs resources=[6xminecraft:end_stone_bricks, 1xminecraft:crafting_table] leafPlanFailures=[]
GIVE /give @s minecraft:end_stone_bricks 6
GIVE /give @s minecraft:crafting_table 1
PASS item=minecraft:end_stone_brick_stairs reason=crafted output appeared in inventory
RESET /clear @s
RESET /kill @e[type=item,distance=..16]
RESET clean inventory before item 577

PLAN 577/799 item=minecraft:end_stone_brick_wall resources=[6xminecraft:end_stone_bricks, 1xminecraft:crafting_table] leafPlanFailures=[]
GIVE /give @s minecraft:end_stone_bricks 6
GIVE /give @s minecraft:crafting_table 1
PASS item=minecraft:end_stone_brick_wall reason=crafted output appeared in inventory
RESET /clear @s
RESET /kill @e[type=item,distance=..16]
RESET clean inventory before item 578

PLAN 578/799 item=minecraft:end_stone_bricks resources=[4xminecraft:end_stone] leafPlanFailures=[]
GIVE /give @s minecraft:end_stone 4
PASS item=minecraft:end_stone_bricks reason=crafted output appeared in inventory
RESET /clear @s
RESET /kill @e[type=item,distance=..16]
RESET clean inventory before item 579

PLAN 579/799 item=minecraft:exposed_chiseled_copper resources=[2xminecraft:exposed_cut_copper_slab] leafPlanFailures=[]
GIVE /give @s minecraft:exposed_cut_copper_slab 2
PASS item=minecraft:exposed_chiseled_copper reason=crafted output appeared in inventory
RESET /clear @s
RESET /kill @e[type=item,distance=..16]
RESET clean inventory before item 580

PLAN 580/799 item=minecraft:exposed_copper_bulb resources=[3xminecraft:exposed_copper, 1xminecraft:blaze_rod, 1xminecraft:redstone, 1xminecraft:crafting_table] leafPlanFailures=[]
GIVE /give @s minecraft:exposed_copper 3
GIVE /give @s minecraft:blaze_rod 1
GIVE /give @s minecraft:redstone 1
GIVE /give @s minecraft:crafting_table 1
PASS item=minecraft:exposed_copper_bulb reason=crafted output appeared in inventory
RESET /clear @s
RESET /kill @e[type=item,distance=..16]
RESET clean inventory before item 581

PLAN 581/799 item=minecraft:exposed_copper_grate resources=[4xminecraft:exposed_copper, 1xminecraft:crafting_table] leafPlanFailures=[]
GIVE /give @s minecraft:exposed_copper 4
GIVE /give @s minecraft:crafting_table 1
PASS item=minecraft:exposed_copper_grate reason=crafted output appeared in inventory
RESET /clear @s
RESET /kill @e[type=item,distance=..16]
RESET clean inventory before item 582

PLAN 582/799 item=minecraft:exposed_cut_copper resources=[4xminecraft:exposed_copper] leafPlanFailures=[]
GIVE /give @s minecraft:exposed_copper 4
PASS item=minecraft:exposed_cut_copper reason=crafted output appeared in inventory
RESET /clear @s
RESET /kill @e[type=item,distance=..16]
RESET clean inventory before item 583

PLAN 583/799 item=minecraft:exposed_cut_copper_slab resources=[3xminecraft:exposed_cut_copper, 1xminecraft:crafting_table] leafPlanFailures=[]
GIVE /give @s minecraft:exposed_cut_copper 3
GIVE /give @s minecraft:crafting_table 1
PASS item=minecraft:exposed_cut_copper_slab reason=crafted output appeared in inventory
RESET /clear @s
RESET /kill @e[type=item,distance=..16]
RESET clean inventory before item 584

PLAN 584/799 item=minecraft:exposed_cut_copper_stairs resources=[6xminecraft:exposed_cut_copper, 1xminecraft:crafting_table] leafPlanFailures=[]
GIVE /give @s minecraft:exposed_cut_copper 6
GIVE /give @s minecraft:crafting_table 1
PASS item=minecraft:exposed_cut_copper_stairs reason=crafted output appeared in inventory
RESET /clear @s
RESET /kill @e[type=item,distance=..16]
RESET clean inventory before item 585

PLAN 585/799 item=minecraft:eye_armor_trim_smithing_template resources=[7xminecraft:diamond, 1xminecraft:eye_armor_trim_smithing_template, 1xminecraft:end_stone, 1xminecraft:crafting_table] leafPlanFailures=[]
GIVE /give @s minecraft:diamond 7
GIVE /give @s minecraft:eye_armor_trim_smithing_template 1
GIVE /give @s minecraft:end_stone 1
GIVE /give @s minecraft:crafting_table 1
PASS item=minecraft:eye_armor_trim_smithing_template reason=crafted output appeared in inventory
RESET /clear @s
RESET /kill @e[type=item,distance=..16]
RESET clean inventory before item 586

PLAN 586/799 item=minecraft:field_masoned_banner_pattern resources=[1xminecraft:paper, 1xminecraft:bricks, 1xminecraft:crafting_table] leafPlanFailures=[]
GIVE /give @s minecraft:paper 1
GIVE /give @s minecraft:bricks 1
GIVE /give @s minecraft:crafting_table 1
PASS item=minecraft:field_masoned_banner_pattern reason=crafted output appeared in inventory
RESET /clear @s
RESET /kill @e[type=item,distance=..16]
RESET clean inventory before item 587

PLAN 587/799 item=minecraft:firework_rocket resources=[1xminecraft:gunpowder, 1xminecraft:paper, 1xminecraft:crafting_table] leafPlanFailures=[]
GIVE /give @s minecraft:gunpowder 1
GIVE /give @s minecraft:paper 1
GIVE /give @s minecraft:crafting_table 1
PASS item=minecraft:firework_rocket reason=crafted output appeared in inventory
RESET /clear @s
RESET /kill @e[type=item,distance=..16]
RESET clean inventory before item 588

PLAN 588/799 item=minecraft:flow_armor_trim_smithing_template resources=[7xminecraft:diamond, 1xminecraft:flow_armor_trim_smithing_template, 1xminecraft:breeze_rod, 1xminecraft:crafting_table] leafPlanFailures=[]
GIVE /give @s minecraft:diamond 7
GIVE /give @s minecraft:flow_armor_trim_smithing_template 1
GIVE /give @s minecraft:breeze_rod 1
GIVE /give @s minecraft:crafting_table 1
PASS item=minecraft:flow_armor_trim_smithing_template reason=crafted output appeared in inventory
RESET /clear @s
RESET /kill @e[type=item,distance=..16]
RESET clean inventory before item 589

PLAN 589/799 item=minecraft:gray_banner resources=[6xminecraft:gray_wool, 1xminecraft:stick, 1xminecraft:crafting_table] leafPlanFailures=[]
GIVE /give @s minecraft:gray_wool 6
GIVE /give @s minecraft:stick 1
GIVE /give @s minecraft:crafting_table 1
PASS item=minecraft:gray_banner reason=crafted output appeared in inventory
RESET /clear @s
RESET /kill @e[type=item,distance=..16]
RESET clean inventory before item 590

PLAN 590/799 item=minecraft:gray_candle resources=[1xminecraft:candle, 1xminecraft:gray_dye] leafPlanFailures=[]
GIVE /give @s minecraft:candle 1
GIVE /give @s minecraft:gray_dye 1
PASS item=minecraft:gray_candle reason=crafted output appeared in inventory
RESET /clear @s
RESET /kill @e[type=item,distance=..16]
RESET clean inventory before item 591

PLAN 591/799 item=minecraft:gray_carpet resources=[2xminecraft:gray_wool] leafPlanFailures=[]
GIVE /give @s minecraft:gray_wool 2
PASS item=minecraft:gray_carpet reason=crafted output appeared in inventory
RESET /clear @s
RESET /kill @e[type=item,distance=..16]
RESET clean inventory before item 592

PLAN 592/799 item=minecraft:gray_concrete_powder resources=[4xminecraft:sand, 4xminecraft:gravel, 1xminecraft:gray_dye, 1xminecraft:crafting_table] leafPlanFailures=[]
GIVE /give @s minecraft:sand 4
GIVE /give @s minecraft:gravel 4
GIVE /give @s minecraft:gray_dye 1
GIVE /give @s minecraft:crafting_table 1
PASS item=minecraft:gray_concrete_powder reason=crafted output appeared in inventory
RESET /clear @s
RESET /kill @e[type=item,distance=..16]
RESET clean inventory before item 593

PLAN 593/799 item=minecraft:gray_stained_glass resources=[8xminecraft:glass, 1xminecraft:gray_dye, 1xminecraft:crafting_table] leafPlanFailures=[]
GIVE /give @s minecraft:glass 8
GIVE /give @s minecraft:gray_dye 1
GIVE /give @s minecraft:crafting_table 1
PASS item=minecraft:gray_stained_glass reason=crafted output appeared in inventory
RESET /clear @s
RESET /kill @e[type=item,distance=..16]
RESET clean inventory before item 594

PLAN 594/799 item=minecraft:gray_stained_glass_pane resources=[6xminecraft:gray_stained_glass, 1xminecraft:crafting_table] leafPlanFailures=[]
GIVE /give @s minecraft:gray_stained_glass 6
GIVE /give @s minecraft:crafting_table 1
PASS item=minecraft:gray_stained_glass_pane reason=crafted output appeared in inventory
RESET /clear @s
RESET /kill @e[type=item,distance=..16]
RESET clean inventory before item 595

PLAN 595/799 item=minecraft:gray_terracotta resources=[8xminecraft:terracotta, 1xminecraft:gray_dye, 1xminecraft:crafting_table] leafPlanFailures=[]
GIVE /give @s minecraft:terracotta 8
GIVE /give @s minecraft:gray_dye 1
GIVE /give @s minecraft:crafting_table 1
PASS item=minecraft:gray_terracotta reason=crafted output appeared in inventory
RESET /clear @s
RESET /kill @e[type=item,distance=..16]
RESET clean inventory before item 596

PLAN 596/799 item=minecraft:green_banner resources=[6xminecraft:green_wool, 1xminecraft:stick, 1xminecraft:crafting_table] leafPlanFailures=[]
GIVE /give @s minecraft:green_wool 6
GIVE /give @s minecraft:stick 1
GIVE /give @s minecraft:crafting_table 1
PASS item=minecraft:green_banner reason=crafted output appeared in inventory
RESET /clear @s
RESET /kill @e[type=item,distance=..16]
RESET clean inventory before item 597

PLAN 597/799 item=minecraft:green_candle resources=[1xminecraft:candle, 1xminecraft:green_dye] leafPlanFailures=[]
GIVE /give @s minecraft:candle 1
GIVE /give @s minecraft:green_dye 1
PASS item=minecraft:green_candle reason=crafted output appeared in inventory
RESET /clear @s
RESET /kill @e[type=item,distance=..16]
RESET clean inventory before item 598

PLAN 598/799 item=minecraft:green_carpet resources=[2xminecraft:green_wool] leafPlanFailures=[]
GIVE /give @s minecraft:green_wool 2
PASS item=minecraft:green_carpet reason=crafted output appeared in inventory
RESET /clear @s
RESET /kill @e[type=item,distance=..16]
RESET clean inventory before item 599

PLAN 599/799 item=minecraft:green_concrete_powder resources=[4xminecraft:sand, 4xminecraft:gravel, 1xminecraft:green_dye, 1xminecraft:crafting_table] leafPlanFailures=[]
GIVE /give @s minecraft:sand 4
GIVE /give @s minecraft:gravel 4
GIVE /give @s minecraft:green_dye 1
GIVE /give @s minecraft:crafting_table 1
PASS item=minecraft:green_concrete_powder reason=crafted output appeared in inventory
RESET /clear @s
RESET /kill @e[type=item,distance=..16]
RESET clean inventory before item 600

PLAN 600/799 item=minecraft:green_stained_glass resources=[8xminecraft:glass, 1xminecraft:green_dye, 1xminecraft:crafting_table] leafPlanFailures=[]
GIVE /give @s minecraft:glass 8
GIVE /give @s minecraft:green_dye 1
GIVE /give @s minecraft:crafting_table 1
PASS item=minecraft:green_stained_glass reason=crafted output appeared in inventory
RESET /clear @s
RESET /kill @e[type=item,distance=..16]
RESET clean inventory before item 601

PLAN 601/799 item=minecraft:green_stained_glass_pane resources=[6xminecraft:green_stained_glass, 1xminecraft:crafting_table] leafPlanFailures=[]
GIVE /give @s minecraft:green_stained_glass 6
GIVE /give @s minecraft:crafting_table 1
PASS item=minecraft:green_stained_glass_pane reason=crafted output appeared in inventory
RESET /clear @s
RESET /kill @e[type=item,distance=..16]
RESET clean inventory before item 602

PLAN 602/799 item=minecraft:green_terracotta resources=[8xminecraft:terracotta, 1xminecraft:green_dye, 1xminecraft:crafting_table] leafPlanFailures=[]
GIVE /give @s minecraft:terracotta 8
GIVE /give @s minecraft:green_dye 1
GIVE /give @s minecraft:crafting_table 1
PASS item=minecraft:green_terracotta reason=crafted output appeared in inventory
RESET /clear @s
RESET /kill @e[type=item,distance=..16]
RESET clean inventory before item 603

PLAN 603/799 item=minecraft:honey_block resources=[4xminecraft:honey_bottle] leafPlanFailures=[]
GIVE /give @s minecraft:honey_bottle 4
PASS item=minecraft:honey_block reason=crafted output appeared in inventory
RESET /clear @s
RESET /kill @e[type=item,distance=..16]
RESET clean inventory before item 604

PLAN 604/799 item=minecraft:honey_bottle resources=[1xminecraft:honey_block, 4xminecraft:glass_bottle, 1xminecraft:crafting_table] leafPlanFailures=[]
GIVE /give @s minecraft:honey_block 1
GIVE /give @s minecraft:glass_bottle 4
GIVE /give @s minecraft:crafting_table 1
PASS item=minecraft:honey_bottle reason=crafted output appeared in inventory
RESET /clear @s
RESET /kill @e[type=item,distance=..16]
RESET clean inventory before item 605

PLAN 605/799 item=minecraft:host_armor_trim_smithing_template resources=[7xminecraft:diamond, 1xminecraft:host_armor_trim_smithing_template, 1xminecraft:terracotta, 1xminecraft:crafting_table] leafPlanFailures=[]
GIVE /give @s minecraft:diamond 7
GIVE /give @s minecraft:host_armor_trim_smithing_template 1
GIVE /give @s minecraft:terracotta 1
GIVE /give @s minecraft:crafting_table 1
PASS item=minecraft:host_armor_trim_smithing_template reason=crafted output appeared in inventory
RESET /clear @s
RESET /kill @e[type=item,distance=..16]
RESET clean inventory before item 606

PLAN 606/799 item=minecraft:jungle_chest_boat resources=[1xminecraft:chest, 1xminecraft:jungle_boat, 1xminecraft:crafting_table] leafPlanFailures=[]
GIVE /give @s minecraft:chest 1
GIVE /give @s minecraft:jungle_boat 1
GIVE /give @s minecraft:crafting_table 1
PASS item=minecraft:jungle_chest_boat reason=crafted output appeared in inventory
RESET /clear @s
RESET /kill @e[type=item,distance=..16]
RESET clean inventory before item 607

PLAN 607/799 item=minecraft:light_blue_banner resources=[6xminecraft:light_blue_wool, 1xminecraft:stick, 1xminecraft:crafting_table] leafPlanFailures=[]
GIVE /give @s minecraft:light_blue_wool 6
GIVE /give @s minecraft:stick 1
GIVE /give @s minecraft:crafting_table 1
PASS item=minecraft:light_blue_banner reason=crafted output appeared in inventory
RESET /clear @s
RESET /kill @e[type=item,distance=..16]
RESET clean inventory before item 608

PLAN 608/799 item=minecraft:light_blue_candle resources=[1xminecraft:candle, 1xminecraft:light_blue_dye] leafPlanFailures=[]
GIVE /give @s minecraft:candle 1
GIVE /give @s minecraft:light_blue_dye 1
PASS item=minecraft:light_blue_candle reason=crafted output appeared in inventory
RESET /clear @s
RESET /kill @e[type=item,distance=..16]
RESET clean inventory before item 609

PLAN 609/799 item=minecraft:light_blue_carpet resources=[2xminecraft:light_blue_wool] leafPlanFailures=[]
GIVE /give @s minecraft:light_blue_wool 2
PASS item=minecraft:light_blue_carpet reason=crafted output appeared in inventory
RESET /clear @s
RESET /kill @e[type=item,distance=..16]
RESET clean inventory before item 610

PLAN 610/799 item=minecraft:light_blue_concrete_powder resources=[4xminecraft:sand, 4xminecraft:gravel, 1xminecraft:light_blue_dye, 1xminecraft:crafting_table] leafPlanFailures=[]
GIVE /give @s minecraft:sand 4
GIVE /give @s minecraft:gravel 4
GIVE /give @s minecraft:light_blue_dye 1
GIVE /give @s minecraft:crafting_table 1
PASS item=minecraft:light_blue_concrete_powder reason=crafted output appeared in inventory
RESET /clear @s
RESET /kill @e[type=item,distance=..16]
RESET clean inventory before item 611

PLAN 611/799 item=minecraft:light_blue_dye resources=[1xminecraft:blue_orchid, 1xminecraft:crafting_table] leafPlanFailures=[]
GIVE /give @s minecraft:blue_orchid 1
GIVE /give @s minecraft:crafting_table 1
PASS item=minecraft:light_blue_dye reason=crafted output appeared in inventory
RESET /clear @s
RESET /kill @e[type=item,distance=..16]
RESET clean inventory before item 612

PLAN 612/799 item=minecraft:light_blue_stained_glass resources=[8xminecraft:glass, 1xminecraft:light_blue_dye, 1xminecraft:crafting_table] leafPlanFailures=[]
GIVE /give @s minecraft:glass 8
GIVE /give @s minecraft:light_blue_dye 1
GIVE /give @s minecraft:crafting_table 1
PASS item=minecraft:light_blue_stained_glass reason=crafted output appeared in inventory
RESET /clear @s
RESET /kill @e[type=item,distance=..16]
RESET clean inventory before item 613

PLAN 613/799 item=minecraft:light_blue_stained_glass_pane resources=[6xminecraft:light_blue_stained_glass, 1xminecraft:crafting_table] leafPlanFailures=[]
GIVE /give @s minecraft:light_blue_stained_glass 6
GIVE /give @s minecraft:crafting_table 1
PASS item=minecraft:light_blue_stained_glass_pane reason=crafted output appeared in inventory
RESET /clear @s
RESET /kill @e[type=item,distance=..16]
RESET clean inventory before item 614

PLAN 614/799 item=minecraft:light_blue_terracotta resources=[8xminecraft:terracotta, 1xminecraft:light_blue_dye, 1xminecraft:crafting_table] leafPlanFailures=[]
GIVE /give @s minecraft:terracotta 8
GIVE /give @s minecraft:light_blue_dye 1
GIVE /give @s minecraft:crafting_table 1
PASS item=minecraft:light_blue_terracotta reason=crafted output appeared in inventory
RESET /clear @s
RESET /kill @e[type=item,distance=..16]
RESET clean inventory before item 615

PLAN 615/799 item=minecraft:light_gray_banner resources=[6xminecraft:light_gray_wool, 1xminecraft:stick, 1xminecraft:crafting_table] leafPlanFailures=[]
GIVE /give @s minecraft:light_gray_wool 6
GIVE /give @s minecraft:stick 1
GIVE /give @s minecraft:crafting_table 1
PASS item=minecraft:light_gray_banner reason=crafted output appeared in inventory
RESET /clear @s
RESET /kill @e[type=item,distance=..16]
RESET clean inventory before item 616

PLAN 616/799 item=minecraft:light_gray_candle resources=[1xminecraft:candle, 1xminecraft:light_gray_dye] leafPlanFailures=[]
GIVE /give @s minecraft:candle 1
GIVE /give @s minecraft:light_gray_dye 1
PASS item=minecraft:light_gray_candle reason=crafted output appeared in inventory
RESET /clear @s
RESET /kill @e[type=item,distance=..16]
RESET clean inventory before item 617

PLAN 617/799 item=minecraft:light_gray_carpet resources=[2xminecraft:light_gray_wool] leafPlanFailures=[]
GIVE /give @s minecraft:light_gray_wool 2
PASS item=minecraft:light_gray_carpet reason=crafted output appeared in inventory
RESET /clear @s
RESET /kill @e[type=item,distance=..16]
RESET clean inventory before item 618

PLAN 618/799 item=minecraft:light_gray_concrete_powder resources=[4xminecraft:sand, 4xminecraft:gravel, 1xminecraft:light_gray_dye, 1xminecraft:crafting_table] leafPlanFailures=[]
GIVE /give @s minecraft:sand 4
GIVE /give @s minecraft:gravel 4
GIVE /give @s minecraft:light_gray_dye 1
GIVE /give @s minecraft:crafting_table 1
PASS item=minecraft:light_gray_concrete_powder reason=crafted output appeared in inventory
RESET /clear @s
RESET /kill @e[type=item,distance=..16]
RESET clean inventory before item 619

PLAN 619/799 item=minecraft:light_gray_dye resources=[1xminecraft:azure_bluet, 1xminecraft:crafting_table] leafPlanFailures=[]
GIVE /give @s minecraft:azure_bluet 1
GIVE /give @s minecraft:crafting_table 1
PASS item=minecraft:light_gray_dye reason=crafted output appeared in inventory
RESET /clear @s
RESET /kill @e[type=item,distance=..16]
RESET clean inventory before item 620

PLAN 620/799 item=minecraft:light_gray_stained_glass resources=[8xminecraft:glass, 1xminecraft:light_gray_dye, 1xminecraft:crafting_table] leafPlanFailures=[]
GIVE /give @s minecraft:glass 8
GIVE /give @s minecraft:light_gray_dye 1
GIVE /give @s minecraft:crafting_table 1
PASS item=minecraft:light_gray_stained_glass reason=crafted output appeared in inventory
RESET /clear @s
RESET /kill @e[type=item,distance=..16]
RESET clean inventory before item 621

PLAN 621/799 item=minecraft:light_gray_stained_glass_pane resources=[6xminecraft:light_gray_stained_glass, 1xminecraft:crafting_table] leafPlanFailures=[]
GIVE /give @s minecraft:light_gray_stained_glass 6
GIVE /give @s minecraft:crafting_table 1
PASS item=minecraft:light_gray_stained_glass_pane reason=crafted output appeared in inventory
RESET /clear @s
RESET /kill @e[type=item,distance=..16]
RESET clean inventory before item 622

PLAN 622/799 item=minecraft:light_gray_terracotta resources=[8xminecraft:terracotta, 1xminecraft:light_gray_dye, 1xminecraft:crafting_table] leafPlanFailures=[]
GIVE /give @s minecraft:terracotta 8
GIVE /give @s minecraft:light_gray_dye 1
GIVE /give @s minecraft:crafting_table 1
PASS item=minecraft:light_gray_terracotta reason=crafted output appeared in inventory
RESET /clear @s
RESET /kill @e[type=item,distance=..16]
RESET clean inventory before item 623

PLAN 623/799 item=minecraft:lime_banner resources=[6xminecraft:lime_wool, 1xminecraft:stick, 1xminecraft:crafting_table] leafPlanFailures=[]
GIVE /give @s minecraft:lime_wool 6
GIVE /give @s minecraft:stick 1
GIVE /give @s minecraft:crafting_table 1
PASS item=minecraft:lime_banner reason=crafted output appeared in inventory
RESET /clear @s
RESET /kill @e[type=item,distance=..16]
RESET clean inventory before item 624

PLAN 624/799 item=minecraft:lime_candle resources=[1xminecraft:candle, 1xminecraft:lime_dye] leafPlanFailures=[]
GIVE /give @s minecraft:candle 1
GIVE /give @s minecraft:lime_dye 1
PASS item=minecraft:lime_candle reason=crafted output appeared in inventory
RESET /clear @s
RESET /kill @e[type=item,distance=..16]
RESET clean inventory before item 625

PLAN 625/799 item=minecraft:lime_carpet resources=[2xminecraft:lime_wool] leafPlanFailures=[]
GIVE /give @s minecraft:lime_wool 2
PASS item=minecraft:lime_carpet reason=crafted output appeared in inventory
RESET /clear @s
RESET /kill @e[type=item,distance=..16]
RESET clean inventory before item 626

PLAN 626/799 item=minecraft:lime_concrete_powder resources=[4xminecraft:sand, 4xminecraft:gravel, 1xminecraft:lime_dye, 1xminecraft:crafting_table] leafPlanFailures=[]
GIVE /give @s minecraft:sand 4
GIVE /give @s minecraft:gravel 4
GIVE /give @s minecraft:lime_dye 1
GIVE /give @s minecraft:crafting_table 1
PASS item=minecraft:lime_concrete_powder reason=crafted output appeared in inventory
RESET /clear @s
RESET /kill @e[type=item,distance=..16]
RESET clean inventory before item 627

PLAN 627/799 item=minecraft:lime_stained_glass resources=[8xminecraft:glass, 1xminecraft:lime_dye, 1xminecraft:crafting_table] leafPlanFailures=[]
GIVE /give @s minecraft:glass 8
GIVE /give @s minecraft:lime_dye 1
GIVE /give @s minecraft:crafting_table 1
PASS item=minecraft:lime_stained_glass reason=crafted output appeared in inventory
RESET /clear @s
RESET /kill @e[type=item,distance=..16]
RESET clean inventory before item 628

PLAN 628/799 item=minecraft:lime_stained_glass_pane resources=[6xminecraft:lime_stained_glass, 1xminecraft:crafting_table] leafPlanFailures=[]
GIVE /give @s minecraft:lime_stained_glass 6
GIVE /give @s minecraft:crafting_table 1
PASS item=minecraft:lime_stained_glass_pane reason=crafted output appeared in inventory
RESET /clear @s
RESET /kill @e[type=item,distance=..16]
RESET clean inventory before item 629

PLAN 629/799 item=minecraft:lime_terracotta resources=[8xminecraft:terracotta, 1xminecraft:lime_dye, 1xminecraft:crafting_table] leafPlanFailures=[]
GIVE /give @s minecraft:terracotta 8
GIVE /give @s minecraft:lime_dye 1
GIVE /give @s minecraft:crafting_table 1
PASS item=minecraft:lime_terracotta reason=crafted output appeared in inventory
RESET /clear @s
RESET /kill @e[type=item,distance=..16]
RESET clean inventory before item 630

PLAN 630/799 item=minecraft:mace resources=[1xminecraft:heavy_core, 1xminecraft:breeze_rod] leafPlanFailures=[]
GIVE /give @s minecraft:heavy_core 1
GIVE /give @s minecraft:breeze_rod 1
PASS item=minecraft:mace reason=crafted output appeared in inventory
RESET /clear @s
RESET /kill @e[type=item,distance=..16]
RESET clean inventory before item 631

PLAN 631/799 item=minecraft:magenta_banner resources=[6xminecraft:magenta_wool, 1xminecraft:stick, 1xminecraft:crafting_table] leafPlanFailures=[]
GIVE /give @s minecraft:magenta_wool 6
GIVE /give @s minecraft:stick 1
GIVE /give @s minecraft:crafting_table 1
PASS item=minecraft:magenta_banner reason=crafted output appeared in inventory
RESET /clear @s
RESET /kill @e[type=item,distance=..16]
RESET clean inventory before item 632

PLAN 632/799 item=minecraft:magenta_candle resources=[1xminecraft:candle, 1xminecraft:magenta_dye] leafPlanFailures=[]
GIVE /give @s minecraft:candle 1
GIVE /give @s minecraft:magenta_dye 1
PASS item=minecraft:magenta_candle reason=crafted output appeared in inventory
RESET /clear @s
RESET /kill @e[type=item,distance=..16]
RESET clean inventory before item 633

PLAN 633/799 item=minecraft:magenta_carpet resources=[2xminecraft:magenta_wool] leafPlanFailures=[]
GIVE /give @s minecraft:magenta_wool 2
PASS item=minecraft:magenta_carpet reason=crafted output appeared in inventory
RESET /clear @s
RESET /kill @e[type=item,distance=..16]
RESET clean inventory before item 634

PLAN 634/799 item=minecraft:magenta_concrete_powder resources=[4xminecraft:sand, 4xminecraft:gravel, 1xminecraft:magenta_dye, 1xminecraft:crafting_table] leafPlanFailures=[]
GIVE /give @s minecraft:sand 4
GIVE /give @s minecraft:gravel 4
GIVE /give @s minecraft:magenta_dye 1
GIVE /give @s minecraft:crafting_table 1
PASS item=minecraft:magenta_concrete_powder reason=crafted output appeared in inventory
RESET /clear @s
RESET /kill @e[type=item,distance=..16]
RESET clean inventory before item 635

PLAN 635/799 item=minecraft:magenta_dye resources=[1xminecraft:allium, 1xminecraft:crafting_table] leafPlanFailures=[]
GIVE /give @s minecraft:allium 1
GIVE /give @s minecraft:crafting_table 1
PASS item=minecraft:magenta_dye reason=crafted output appeared in inventory
RESET /clear @s
RESET /kill @e[type=item,distance=..16]
RESET clean inventory before item 636

PLAN 636/799 item=minecraft:magenta_stained_glass resources=[8xminecraft:glass, 1xminecraft:magenta_dye, 1xminecraft:crafting_table] leafPlanFailures=[]
GIVE /give @s minecraft:glass 8
GIVE /give @s minecraft:magenta_dye 1
GIVE /give @s minecraft:crafting_table 1
PASS item=minecraft:magenta_stained_glass reason=crafted output appeared in inventory
RESET /clear @s
RESET /kill @e[type=item,distance=..16]
RESET clean inventory before item 637

PLAN 637/799 item=minecraft:magenta_stained_glass_pane resources=[6xminecraft:magenta_stained_glass, 1xminecraft:crafting_table] leafPlanFailures=[]
GIVE /give @s minecraft:magenta_stained_glass 6
GIVE /give @s minecraft:crafting_table 1
PASS item=minecraft:magenta_stained_glass_pane reason=crafted output appeared in inventory
RESET /clear @s
RESET /kill @e[type=item,distance=..16]
RESET clean inventory before item 638

PLAN 638/799 item=minecraft:magenta_terracotta resources=[8xminecraft:terracotta, 1xminecraft:magenta_dye, 1xminecraft:crafting_table] leafPlanFailures=[]
GIVE /give @s minecraft:terracotta 8
GIVE /give @s minecraft:magenta_dye 1
GIVE /give @s minecraft:crafting_table 1
PASS item=minecraft:magenta_terracotta reason=crafted output appeared in inventory
RESET /clear @s
RESET /kill @e[type=item,distance=..16]
RESET clean inventory before item 639

PLAN 639/799 item=minecraft:mangrove_chest_boat resources=[1xminecraft:chest, 1xminecraft:mangrove_boat, 1xminecraft:crafting_table] leafPlanFailures=[]
GIVE /give @s minecraft:chest 1
GIVE /give @s minecraft:mangrove_boat 1
GIVE /give @s minecraft:crafting_table 1
PASS item=minecraft:mangrove_chest_boat reason=crafted output appeared in inventory
RESET /clear @s
RESET /kill @e[type=item,distance=..16]
RESET clean inventory before item 640

PLAN 640/799 item=minecraft:mojang_banner_pattern resources=[1xminecraft:paper, 1xminecraft:enchanted_golden_apple, 1xminecraft:crafting_table] leafPlanFailures=[]
GIVE /give @s minecraft:paper 1
GIVE /give @s minecraft:enchanted_golden_apple 1
GIVE /give @s minecraft:crafting_table 1
PASS item=minecraft:mojang_banner_pattern reason=crafted output appeared in inventory
RESET /clear @s
RESET /kill @e[type=item,distance=..16]
RESET clean inventory before item 641

PLAN 641/799 item=minecraft:moss_carpet resources=[2xminecraft:moss_block] leafPlanFailures=[]
GIVE /give @s minecraft:moss_block 2
PASS item=minecraft:moss_carpet reason=crafted output appeared in inventory
RESET /clear @s
RESET /kill @e[type=item,distance=..16]
RESET clean inventory before item 642

PLAN 642/799 item=minecraft:mud_brick_slab resources=[3xminecraft:mud_bricks, 1xminecraft:crafting_table] leafPlanFailures=[]
GIVE /give @s minecraft:mud_bricks 3
GIVE /give @s minecraft:crafting_table 1
PASS item=minecraft:mud_brick_slab reason=crafted output appeared in inventory
RESET /clear @s
RESET /kill @e[type=item,distance=..16]
RESET clean inventory before item 643

PLAN 643/799 item=minecraft:mud_brick_stairs resources=[6xminecraft:mud_bricks, 1xminecraft:crafting_table] leafPlanFailures=[]
GIVE /give @s minecraft:mud_bricks 6
GIVE /give @s minecraft:crafting_table 1
PASS item=minecraft:mud_brick_stairs reason=crafted output appeared in inventory
RESET /clear @s
RESET /kill @e[type=item,distance=..16]
RESET clean inventory before item 644

PLAN 644/799 item=minecraft:mud_brick_wall resources=[6xminecraft:mud_bricks, 1xminecraft:crafting_table] leafPlanFailures=[]
GIVE /give @s minecraft:mud_bricks 6
GIVE /give @s minecraft:crafting_table 1
PASS item=minecraft:mud_brick_wall reason=crafted output appeared in inventory
RESET /clear @s
RESET /kill @e[type=item,distance=..16]
RESET clean inventory before item 645

PLAN 645/799 item=minecraft:mud_bricks resources=[4xminecraft:packed_mud] leafPlanFailures=[]
GIVE /give @s minecraft:packed_mud 4
PASS item=minecraft:mud_bricks reason=crafted output appeared in inventory
RESET /clear @s
RESET /kill @e[type=item,distance=..16]
RESET clean inventory before item 646

PLAN 646/799 item=minecraft:muddy_mangrove_roots resources=[1xminecraft:mud, 1xminecraft:mangrove_roots, 1xminecraft:crafting_table] leafPlanFailures=[]
GIVE /give @s minecraft:mud 1
GIVE /give @s minecraft:mangrove_roots 1
GIVE /give @s minecraft:crafting_table 1
PASS item=minecraft:muddy_mangrove_roots reason=crafted output appeared in inventory
RESET /clear @s
RESET /kill @e[type=item,distance=..16]
RESET clean inventory before item 647

PLAN 647/799 item=minecraft:music_disc_5 resources=[9xminecraft:disc_fragment_5, 1xminecraft:crafting_table] leafPlanFailures=[]
GIVE /give @s minecraft:disc_fragment_5 9
GIVE /give @s minecraft:crafting_table 1
PASS item=minecraft:music_disc_5 reason=crafted output appeared in inventory
RESET /clear @s
RESET /kill @e[type=item,distance=..16]
RESET clean inventory before item 648

PLAN 648/799 item=minecraft:netherite_block resources=[9xminecraft:netherite_ingot, 1xminecraft:crafting_table] leafPlanFailures=[]
GIVE /give @s minecraft:netherite_ingot 9
GIVE /give @s minecraft:crafting_table 1
PASS item=minecraft:netherite_block reason=crafted output appeared in inventory
RESET /clear @s
RESET /kill @e[type=item,distance=..16]
RESET clean inventory before item 649

PLAN 649/799 item=minecraft:oak_chest_boat resources=[1xminecraft:chest, 1xminecraft:oak_boat, 1xminecraft:crafting_table] leafPlanFailures=[]
GIVE /give @s minecraft:chest 1
GIVE /give @s minecraft:oak_boat 1
GIVE /give @s minecraft:crafting_table 1
PASS item=minecraft:oak_chest_boat reason=crafted output appeared in inventory
RESET /clear @s
RESET /kill @e[type=item,distance=..16]
RESET clean inventory before item 650

PLAN 650/799 item=minecraft:orange_banner resources=[6xminecraft:orange_wool, 1xminecraft:stick, 1xminecraft:crafting_table] leafPlanFailures=[]
GIVE /give @s minecraft:orange_wool 6
GIVE /give @s minecraft:stick 1
GIVE /give @s minecraft:crafting_table 1
PASS item=minecraft:orange_banner reason=crafted output appeared in inventory
RESET /clear @s
RESET /kill @e[type=item,distance=..16]
RESET clean inventory before item 651

PLAN 651/799 item=minecraft:orange_candle resources=[1xminecraft:candle, 1xminecraft:orange_dye] leafPlanFailures=[]
GIVE /give @s minecraft:candle 1
GIVE /give @s minecraft:orange_dye 1
PASS item=minecraft:orange_candle reason=crafted output appeared in inventory
RESET /clear @s
RESET /kill @e[type=item,distance=..16]
RESET clean inventory before item 652

PLAN 652/799 item=minecraft:orange_carpet resources=[2xminecraft:orange_wool] leafPlanFailures=[]
GIVE /give @s minecraft:orange_wool 2
PASS item=minecraft:orange_carpet reason=crafted output appeared in inventory
RESET /clear @s
RESET /kill @e[type=item,distance=..16]
RESET clean inventory before item 653

PLAN 653/799 item=minecraft:orange_concrete_powder resources=[4xminecraft:sand, 4xminecraft:gravel, 1xminecraft:orange_dye, 1xminecraft:crafting_table] leafPlanFailures=[]
GIVE /give @s minecraft:sand 4
GIVE /give @s minecraft:gravel 4
GIVE /give @s minecraft:orange_dye 1
GIVE /give @s minecraft:crafting_table 1
PASS item=minecraft:orange_concrete_powder reason=crafted output appeared in inventory
RESET /clear @s
RESET /kill @e[type=item,distance=..16]
RESET clean inventory before item 654

PLAN 654/799 item=minecraft:orange_dye resources=[1xminecraft:orange_tulip, 1xminecraft:crafting_table] leafPlanFailures=[]
GIVE /give @s minecraft:orange_tulip 1
GIVE /give @s minecraft:crafting_table 1
PASS item=minecraft:orange_dye reason=crafted output appeared in inventory
RESET /clear @s
RESET /kill @e[type=item,distance=..16]
RESET clean inventory before item 655

PLAN 655/799 item=minecraft:orange_stained_glass resources=[8xminecraft:glass, 1xminecraft:orange_dye, 1xminecraft:crafting_table] leafPlanFailures=[]
GIVE /give @s minecraft:glass 8
GIVE /give @s minecraft:orange_dye 1
GIVE /give @s minecraft:crafting_table 1
PASS item=minecraft:orange_stained_glass reason=crafted output appeared in inventory
RESET /clear @s
RESET /kill @e[type=item,distance=..16]
RESET clean inventory before item 656

PLAN 656/799 item=minecraft:orange_stained_glass_pane resources=[6xminecraft:orange_stained_glass, 1xminecraft:crafting_table] leafPlanFailures=[]
GIVE /give @s minecraft:orange_stained_glass 6
GIVE /give @s minecraft:crafting_table 1
PASS item=minecraft:orange_stained_glass_pane reason=crafted output appeared in inventory
RESET /clear @s
RESET /kill @e[type=item,distance=..16]
RESET clean inventory before item 657

PLAN 657/799 item=minecraft:orange_terracotta resources=[8xminecraft:terracotta, 1xminecraft:orange_dye, 1xminecraft:crafting_table] leafPlanFailures=[]
GIVE /give @s minecraft:terracotta 8
GIVE /give @s minecraft:orange_dye 1
GIVE /give @s minecraft:crafting_table 1
PASS item=minecraft:orange_terracotta reason=crafted output appeared in inventory
RESET /clear @s
RESET /kill @e[type=item,distance=..16]
RESET clean inventory before item 658

PLAN 658/799 item=minecraft:oxidized_chiseled_copper resources=[2xminecraft:oxidized_cut_copper_slab] leafPlanFailures=[]
GIVE /give @s minecraft:oxidized_cut_copper_slab 2
PASS item=minecraft:oxidized_chiseled_copper reason=crafted output appeared in inventory
RESET /clear @s
RESET /kill @e[type=item,distance=..16]
RESET clean inventory before item 659

PLAN 659/799 item=minecraft:oxidized_copper_bulb resources=[3xminecraft:oxidized_copper, 1xminecraft:blaze_rod, 1xminecraft:redstone, 1xminecraft:crafting_table] leafPlanFailures=[]
GIVE /give @s minecraft:oxidized_copper 3
GIVE /give @s minecraft:blaze_rod 1
GIVE /give @s minecraft:redstone 1
GIVE /give @s minecraft:crafting_table 1
PASS item=minecraft:oxidized_copper_bulb reason=crafted output appeared in inventory
RESET /clear @s
RESET /kill @e[type=item,distance=..16]
RESET clean inventory before item 660

PLAN 660/799 item=minecraft:oxidized_copper_grate resources=[4xminecraft:oxidized_copper, 1xminecraft:crafting_table] leafPlanFailures=[]
GIVE /give @s minecraft:oxidized_copper 4
GIVE /give @s minecraft:crafting_table 1
PASS item=minecraft:oxidized_copper_grate reason=crafted output appeared in inventory
RESET /clear @s
RESET /kill @e[type=item,distance=..16]
RESET clean inventory before item 661

PLAN 661/799 item=minecraft:oxidized_cut_copper resources=[4xminecraft:oxidized_copper] leafPlanFailures=[]
GIVE /give @s minecraft:oxidized_copper 4
PASS item=minecraft:oxidized_cut_copper reason=crafted output appeared in inventory
RESET /clear @s
RESET /kill @e[type=item,distance=..16]
RESET clean inventory before item 662

PLAN 662/799 item=minecraft:oxidized_cut_copper_slab resources=[3xminecraft:oxidized_cut_copper, 1xminecraft:crafting_table] leafPlanFailures=[]
GIVE /give @s minecraft:oxidized_cut_copper 3
GIVE /give @s minecraft:crafting_table 1
PASS item=minecraft:oxidized_cut_copper_slab reason=crafted output appeared in inventory
RESET /clear @s
RESET /kill @e[type=item,distance=..16]
RESET clean inventory before item 663

PLAN 663/799 item=minecraft:oxidized_cut_copper_stairs resources=[6xminecraft:oxidized_cut_copper, 1xminecraft:crafting_table] leafPlanFailures=[]
GIVE /give @s minecraft:oxidized_cut_copper 6
GIVE /give @s minecraft:crafting_table 1
PASS item=minecraft:oxidized_cut_copper_stairs reason=crafted output appeared in inventory
RESET /clear @s
RESET /kill @e[type=item,distance=..16]
RESET clean inventory before item 664

PLAN 664/799 item=minecraft:packed_ice resources=[9xminecraft:ice, 1xminecraft:crafting_table] leafPlanFailures=[]
GIVE /give @s minecraft:ice 9
GIVE /give @s minecraft:crafting_table 1
PASS item=minecraft:packed_ice reason=crafted output appeared in inventory
RESET /clear @s
RESET /kill @e[type=item,distance=..16]
RESET clean inventory before item 665

PLAN 665/799 item=minecraft:packed_mud resources=[1xminecraft:mud, 1xminecraft:wheat, 1xminecraft:crafting_table] leafPlanFailures=[]
GIVE /give @s minecraft:mud 1
GIVE /give @s minecraft:wheat 1
GIVE /give @s minecraft:crafting_table 1
PASS item=minecraft:packed_mud reason=crafted output appeared in inventory
RESET /clear @s
RESET /kill @e[type=item,distance=..16]
RESET clean inventory before item 666

PLAN 666/799 item=minecraft:pale_moss_carpet resources=[2xminecraft:pale_moss_block] leafPlanFailures=[]
GIVE /give @s minecraft:pale_moss_block 2
PASS item=minecraft:pale_moss_carpet reason=crafted output appeared in inventory
RESET /clear @s
RESET /kill @e[type=item,distance=..16]
RESET clean inventory before item 667

PLAN 667/799 item=minecraft:pale_oak_chest_boat resources=[1xminecraft:chest, 1xminecraft:pale_oak_boat, 1xminecraft:crafting_table] leafPlanFailures=[]
GIVE /give @s minecraft:chest 1
GIVE /give @s minecraft:pale_oak_boat 1
GIVE /give @s minecraft:crafting_table 1
PASS item=minecraft:pale_oak_chest_boat reason=crafted output appeared in inventory
RESET /clear @s
RESET /kill @e[type=item,distance=..16]
RESET clean inventory before item 668

PLAN 668/799 item=minecraft:pale_oak_wood resources=[4xminecraft:pale_oak_log] leafPlanFailures=[]
GIVE /give @s minecraft:pale_oak_log 4
PASS item=minecraft:pale_oak_wood reason=crafted output appeared in inventory
RESET /clear @s
RESET /kill @e[type=item,distance=..16]
RESET clean inventory before item 669

PLAN 669/799 item=minecraft:pink_banner resources=[6xminecraft:pink_wool, 1xminecraft:stick, 1xminecraft:crafting_table] leafPlanFailures=[]
GIVE /give @s minecraft:pink_wool 6
GIVE /give @s minecraft:stick 1
GIVE /give @s minecraft:crafting_table 1
PASS item=minecraft:pink_banner reason=crafted output appeared in inventory
RESET /clear @s
RESET /kill @e[type=item,distance=..16]
RESET clean inventory before item 670

PLAN 670/799 item=minecraft:pink_candle resources=[1xminecraft:candle, 1xminecraft:pink_dye] leafPlanFailures=[]
GIVE /give @s minecraft:candle 1
GIVE /give @s minecraft:pink_dye 1
PASS item=minecraft:pink_candle reason=crafted output appeared in inventory
RESET /clear @s
RESET /kill @e[type=item,distance=..16]
RESET clean inventory before item 671

PLAN 671/799 item=minecraft:pink_carpet resources=[2xminecraft:pink_wool] leafPlanFailures=[]
GIVE /give @s minecraft:pink_wool 2
PASS item=minecraft:pink_carpet reason=crafted output appeared in inventory
RESET /clear @s
RESET /kill @e[type=item,distance=..16]
RESET clean inventory before item 672

PLAN 672/799 item=minecraft:pink_concrete_powder resources=[4xminecraft:sand, 4xminecraft:gravel, 1xminecraft:pink_dye, 1xminecraft:crafting_table] leafPlanFailures=[]
GIVE /give @s minecraft:sand 4
GIVE /give @s minecraft:gravel 4
GIVE /give @s minecraft:pink_dye 1
GIVE /give @s minecraft:crafting_table 1
PASS item=minecraft:pink_concrete_powder reason=crafted output appeared in inventory
RESET /clear @s
RESET /kill @e[type=item,distance=..16]
RESET clean inventory before item 673

PLAN 673/799 item=minecraft:pink_dye resources=[1xminecraft:peony, 1xminecraft:crafting_table] leafPlanFailures=[]
GIVE /give @s minecraft:peony 1
GIVE /give @s minecraft:crafting_table 1
PASS item=minecraft:pink_dye reason=crafted output appeared in inventory
RESET /clear @s
RESET /kill @e[type=item,distance=..16]
RESET clean inventory before item 674

PLAN 674/799 item=minecraft:pink_stained_glass resources=[8xminecraft:glass, 1xminecraft:pink_dye, 1xminecraft:crafting_table] leafPlanFailures=[]
GIVE /give @s minecraft:glass 8
GIVE /give @s minecraft:pink_dye 1
GIVE /give @s minecraft:crafting_table 1
PASS item=minecraft:pink_stained_glass reason=crafted output appeared in inventory
RESET /clear @s
RESET /kill @e[type=item,distance=..16]
RESET clean inventory before item 675

PLAN 675/799 item=minecraft:pink_stained_glass_pane resources=[6xminecraft:pink_stained_glass, 1xminecraft:crafting_table] leafPlanFailures=[]
GIVE /give @s minecraft:pink_stained_glass 6
GIVE /give @s minecraft:crafting_table 1
PASS item=minecraft:pink_stained_glass_pane reason=crafted output appeared in inventory
RESET /clear @s
RESET /kill @e[type=item,distance=..16]
RESET clean inventory before item 676

PLAN 676/799 item=minecraft:pink_terracotta resources=[8xminecraft:terracotta, 1xminecraft:pink_dye, 1xminecraft:crafting_table] leafPlanFailures=[]
GIVE /give @s minecraft:terracotta 8
GIVE /give @s minecraft:pink_dye 1
GIVE /give @s minecraft:crafting_table 1
PASS item=minecraft:pink_terracotta reason=crafted output appeared in inventory
RESET /clear @s
RESET /kill @e[type=item,distance=..16]
RESET clean inventory before item 677

PLAN 677/799 item=minecraft:polished_tuff resources=[4xminecraft:tuff] leafPlanFailures=[]
GIVE /give @s minecraft:tuff 4
PASS item=minecraft:polished_tuff reason=crafted output appeared in inventory
RESET /clear @s
RESET /kill @e[type=item,distance=..16]
RESET clean inventory before item 678

PLAN 678/799 item=minecraft:polished_tuff_slab resources=[3xminecraft:polished_tuff, 1xminecraft:crafting_table] leafPlanFailures=[]
GIVE /give @s minecraft:polished_tuff 3
GIVE /give @s minecraft:crafting_table 1
PASS item=minecraft:polished_tuff_slab reason=crafted output appeared in inventory
RESET /clear @s
RESET /kill @e[type=item,distance=..16]
RESET clean inventory before item 679

PLAN 679/799 item=minecraft:polished_tuff_stairs resources=[6xminecraft:polished_tuff, 1xminecraft:crafting_table] leafPlanFailures=[]
GIVE /give @s minecraft:polished_tuff 6
GIVE /give @s minecraft:crafting_table 1
PASS item=minecraft:polished_tuff_stairs reason=crafted output appeared in inventory
RESET /clear @s
RESET /kill @e[type=item,distance=..16]
RESET clean inventory before item 680

PLAN 680/799 item=minecraft:polished_tuff_wall resources=[6xminecraft:polished_tuff, 1xminecraft:crafting_table] leafPlanFailures=[]
GIVE /give @s minecraft:polished_tuff 6
GIVE /give @s minecraft:crafting_table 1
PASS item=minecraft:polished_tuff_wall reason=crafted output appeared in inventory
RESET /clear @s
RESET /kill @e[type=item,distance=..16]
RESET clean inventory before item 681

PLAN 681/799 item=minecraft:prismarine resources=[4xminecraft:prismarine_shard] leafPlanFailures=[]
GIVE /give @s minecraft:prismarine_shard 4
PASS item=minecraft:prismarine reason=crafted output appeared in inventory
RESET /clear @s
RESET /kill @e[type=item,distance=..16]
RESET clean inventory before item 682

PLAN 682/799 item=minecraft:prismarine_brick_slab resources=[3xminecraft:prismarine_bricks, 1xminecraft:crafting_table] leafPlanFailures=[]
GIVE /give @s minecraft:prismarine_bricks 3
GIVE /give @s minecraft:crafting_table 1
PASS item=minecraft:prismarine_brick_slab reason=crafted output appeared in inventory
RESET /clear @s
RESET /kill @e[type=item,distance=..16]
RESET clean inventory before item 683

PLAN 683/799 item=minecraft:prismarine_brick_stairs resources=[6xminecraft:prismarine_bricks, 1xminecraft:crafting_table] leafPlanFailures=[]
GIVE /give @s minecraft:prismarine_bricks 6
GIVE /give @s minecraft:crafting_table 1
PASS item=minecraft:prismarine_brick_stairs reason=crafted output appeared in inventory
RESET /clear @s
RESET /kill @e[type=item,distance=..16]
RESET clean inventory before item 684

PLAN 684/799 item=minecraft:prismarine_bricks resources=[9xminecraft:prismarine_shard, 1xminecraft:crafting_table] leafPlanFailures=[]
GIVE /give @s minecraft:prismarine_shard 9
GIVE /give @s minecraft:crafting_table 1
PASS item=minecraft:prismarine_bricks reason=crafted output appeared in inventory
RESET /clear @s
RESET /kill @e[type=item,distance=..16]
RESET clean inventory before item 685

PLAN 685/799 item=minecraft:prismarine_slab resources=[3xminecraft:prismarine, 1xminecraft:crafting_table] leafPlanFailures=[]
GIVE /give @s minecraft:prismarine 3
GIVE /give @s minecraft:crafting_table 1
PASS item=minecraft:prismarine_slab reason=crafted output appeared in inventory
RESET /clear @s
RESET /kill @e[type=item,distance=..16]
RESET clean inventory before item 686

PLAN 686/799 item=minecraft:prismarine_stairs resources=[6xminecraft:prismarine, 1xminecraft:crafting_table] leafPlanFailures=[]
GIVE /give @s minecraft:prismarine 6
GIVE /give @s minecraft:crafting_table 1
PASS item=minecraft:prismarine_stairs reason=crafted output appeared in inventory
RESET /clear @s
RESET /kill @e[type=item,distance=..16]
RESET clean inventory before item 687

PLAN 687/799 item=minecraft:prismarine_wall resources=[6xminecraft:prismarine, 1xminecraft:crafting_table] leafPlanFailures=[]
GIVE /give @s minecraft:prismarine 6
GIVE /give @s minecraft:crafting_table 1
PASS item=minecraft:prismarine_wall reason=crafted output appeared in inventory
RESET /clear @s
RESET /kill @e[type=item,distance=..16]
RESET clean inventory before item 688

PLAN 688/799 item=minecraft:pumpkin_seeds resources=[1xminecraft:pumpkin, 1xminecraft:crafting_table] leafPlanFailures=[]
GIVE /give @s minecraft:pumpkin 1
GIVE /give @s minecraft:crafting_table 1
PASS item=minecraft:pumpkin_seeds reason=crafted output appeared in inventory
RESET /clear @s
RESET /kill @e[type=item,distance=..16]
RESET clean inventory before item 689

PLAN 689/799 item=minecraft:purple_banner resources=[6xminecraft:purple_wool, 1xminecraft:stick, 1xminecraft:crafting_table] leafPlanFailures=[]
GIVE /give @s minecraft:purple_wool 6
GIVE /give @s minecraft:stick 1
GIVE /give @s minecraft:crafting_table 1
PASS item=minecraft:purple_banner reason=crafted output appeared in inventory
RESET /clear @s
RESET /kill @e[type=item,distance=..16]
RESET clean inventory before item 690

PLAN 690/799 item=minecraft:purple_candle resources=[1xminecraft:candle, 1xminecraft:purple_dye] leafPlanFailures=[]
GIVE /give @s minecraft:candle 1
GIVE /give @s minecraft:purple_dye 1
PASS item=minecraft:purple_candle reason=crafted output appeared in inventory
RESET /clear @s
RESET /kill @e[type=item,distance=..16]
RESET clean inventory before item 691

PLAN 691/799 item=minecraft:purple_carpet resources=[2xminecraft:purple_wool] leafPlanFailures=[]
GIVE /give @s minecraft:purple_wool 2
PASS item=minecraft:purple_carpet reason=crafted output appeared in inventory
RESET /clear @s
RESET /kill @e[type=item,distance=..16]
RESET clean inventory before item 692

PLAN 692/799 item=minecraft:purple_concrete_powder resources=[4xminecraft:sand, 4xminecraft:gravel, 1xminecraft:purple_dye, 1xminecraft:crafting_table] leafPlanFailures=[]
GIVE /give @s minecraft:sand 4
GIVE /give @s minecraft:gravel 4
GIVE /give @s minecraft:purple_dye 1
GIVE /give @s minecraft:crafting_table 1
PASS item=minecraft:purple_concrete_powder reason=crafted output appeared in inventory
RESET /clear @s
RESET /kill @e[type=item,distance=..16]
RESET clean inventory before item 693

PLAN 693/799 item=minecraft:purple_stained_glass resources=[8xminecraft:glass, 1xminecraft:purple_dye, 1xminecraft:crafting_table] leafPlanFailures=[]
GIVE /give @s minecraft:glass 8
GIVE /give @s minecraft:purple_dye 1
GIVE /give @s minecraft:crafting_table 1
PASS item=minecraft:purple_stained_glass reason=crafted output appeared in inventory
RESET /clear @s
RESET /kill @e[type=item,distance=..16]
RESET clean inventory before item 694

PLAN 694/799 item=minecraft:purple_stained_glass_pane resources=[6xminecraft:purple_stained_glass, 1xminecraft:crafting_table] leafPlanFailures=[]
GIVE /give @s minecraft:purple_stained_glass 6
GIVE /give @s minecraft:crafting_table 1
PASS item=minecraft:purple_stained_glass_pane reason=crafted output appeared in inventory
RESET /clear @s
RESET /kill @e[type=item,distance=..16]
RESET clean inventory before item 695

PLAN 695/799 item=minecraft:purple_terracotta resources=[8xminecraft:terracotta, 1xminecraft:purple_dye, 1xminecraft:crafting_table] leafPlanFailures=[]
GIVE /give @s minecraft:terracotta 8
GIVE /give @s minecraft:purple_dye 1
GIVE /give @s minecraft:crafting_table 1
PASS item=minecraft:purple_terracotta reason=crafted output appeared in inventory
RESET /clear @s
RESET /kill @e[type=item,distance=..16]
RESET clean inventory before item 696

PLAN 696/799 item=minecraft:purpur_block resources=[4xminecraft:popped_chorus_fruit] leafPlanFailures=[]
GIVE /give @s minecraft:popped_chorus_fruit 4
PASS item=minecraft:purpur_block reason=crafted output appeared in inventory
RESET /clear @s
RESET /kill @e[type=item,distance=..16]
RESET clean inventory before item 697

PLAN 697/799 item=minecraft:purpur_pillar resources=[2xminecraft:purpur_slab] leafPlanFailures=[]
GIVE /give @s minecraft:purpur_slab 2
PASS item=minecraft:purpur_pillar reason=crafted output appeared in inventory
RESET /clear @s
RESET /kill @e[type=item,distance=..16]
RESET clean inventory before item 698

PLAN 698/799 item=minecraft:purpur_slab resources=[3xminecraft:purpur_pillar, 1xminecraft:crafting_table] leafPlanFailures=[]
GIVE /give @s minecraft:purpur_pillar 3
GIVE /give @s minecraft:crafting_table 1
PASS item=minecraft:purpur_slab reason=crafted output appeared in inventory
RESET /clear @s
RESET /kill @e[type=item,distance=..16]
RESET clean inventory before item 699

PLAN 699/799 item=minecraft:purpur_stairs resources=[6xminecraft:purpur_pillar, 1xminecraft:crafting_table] leafPlanFailures=[]
GIVE /give @s minecraft:purpur_pillar 6
GIVE /give @s minecraft:crafting_table 1
PASS item=minecraft:purpur_stairs reason=crafted output appeared in inventory
RESET /clear @s
RESET /kill @e[type=item,distance=..16]
RESET clean inventory before item 700

PLAN 700/799 item=minecraft:raiser_armor_trim_smithing_template resources=[7xminecraft:diamond, 1xminecraft:raiser_armor_trim_smithing_template, 1xminecraft:terracotta, 1xminecraft:crafting_table] leafPlanFailures=[]
GIVE /give @s minecraft:diamond 7
GIVE /give @s minecraft:raiser_armor_trim_smithing_template 1
GIVE /give @s minecraft:terracotta 1
GIVE /give @s minecraft:crafting_table 1
PASS item=minecraft:raiser_armor_trim_smithing_template reason=crafted output appeared in inventory
RESET /clear @s
RESET /kill @e[type=item,distance=..16]
RESET clean inventory before item 701

PLAN 701/799 item=minecraft:recovery_compass resources=[8xminecraft:echo_shard, 1xminecraft:compass, 1xminecraft:crafting_table] leafPlanFailures=[]
GIVE /give @s minecraft:echo_shard 8
GIVE /give @s minecraft:compass 1
GIVE /give @s minecraft:crafting_table 1
PASS item=minecraft:recovery_compass reason=crafted output appeared in inventory
RESET /clear @s
RESET /kill @e[type=item,distance=..16]
RESET clean inventory before item 702

PLAN 702/799 item=minecraft:red_banner resources=[6xminecraft:red_wool, 1xminecraft:stick, 1xminecraft:crafting_table] leafPlanFailures=[]
GIVE /give @s minecraft:red_wool 6
GIVE /give @s minecraft:stick 1
GIVE /give @s minecraft:crafting_table 1
PASS item=minecraft:red_banner reason=crafted output appeared in inventory
RESET /clear @s
RESET /kill @e[type=item,distance=..16]
RESET clean inventory before item 703

PLAN 703/799 item=minecraft:red_candle resources=[1xminecraft:candle, 1xminecraft:red_dye] leafPlanFailures=[]
GIVE /give @s minecraft:candle 1
GIVE /give @s minecraft:red_dye 1
PASS item=minecraft:red_candle reason=crafted output appeared in inventory
RESET /clear @s
RESET /kill @e[type=item,distance=..16]
RESET clean inventory before item 704

PLAN 704/799 item=minecraft:red_carpet resources=[2xminecraft:red_wool] leafPlanFailures=[]
GIVE /give @s minecraft:red_wool 2
PASS item=minecraft:red_carpet reason=crafted output appeared in inventory
RESET /clear @s
RESET /kill @e[type=item,distance=..16]
RESET clean inventory before item 705

PLAN 705/799 item=minecraft:red_concrete_powder resources=[4xminecraft:sand, 4xminecraft:gravel, 1xminecraft:red_dye, 1xminecraft:crafting_table] leafPlanFailures=[]
GIVE /give @s minecraft:sand 4
GIVE /give @s minecraft:gravel 4
GIVE /give @s minecraft:red_dye 1
GIVE /give @s minecraft:crafting_table 1
PASS item=minecraft:red_concrete_powder reason=crafted output appeared in inventory
RESET /clear @s
RESET /kill @e[type=item,distance=..16]
RESET clean inventory before item 706

PLAN 706/799 item=minecraft:red_dye resources=[1xminecraft:beetroot, 1xminecraft:crafting_table] leafPlanFailures=[]
GIVE /give @s minecraft:beetroot 1
GIVE /give @s minecraft:crafting_table 1
PASS item=minecraft:red_dye reason=crafted output appeared in inventory
RESET /clear @s
RESET /kill @e[type=item,distance=..16]
RESET clean inventory before item 707

PLAN 707/799 item=minecraft:red_stained_glass resources=[8xminecraft:glass, 1xminecraft:red_dye, 1xminecraft:crafting_table] leafPlanFailures=[]
GIVE /give @s minecraft:glass 8
GIVE /give @s minecraft:red_dye 1
GIVE /give @s minecraft:crafting_table 1
PASS item=minecraft:red_stained_glass reason=crafted output appeared in inventory
RESET /clear @s
RESET /kill @e[type=item,distance=..16]
RESET clean inventory before item 708

PLAN 708/799 item=minecraft:red_stained_glass_pane resources=[6xminecraft:red_stained_glass, 1xminecraft:crafting_table] leafPlanFailures=[]
GIVE /give @s minecraft:red_stained_glass 6
GIVE /give @s minecraft:crafting_table 1
PASS item=minecraft:red_stained_glass_pane reason=crafted output appeared in inventory
RESET /clear @s
RESET /kill @e[type=item,distance=..16]
RESET clean inventory before item 709

PLAN 709/799 item=minecraft:red_terracotta resources=[8xminecraft:terracotta, 1xminecraft:red_dye, 1xminecraft:crafting_table] leafPlanFailures=[]
GIVE /give @s minecraft:terracotta 8
GIVE /give @s minecraft:red_dye 1
GIVE /give @s minecraft:crafting_table 1
PASS item=minecraft:red_terracotta reason=crafted output appeared in inventory
RESET /clear @s
RESET /kill @e[type=item,distance=..16]
RESET clean inventory before item 710

PLAN 710/799 item=minecraft:respawn_anchor resources=[6xminecraft:crying_obsidian, 3xminecraft:glowstone, 1xminecraft:crafting_table] leafPlanFailures=[]
GIVE /give @s minecraft:crying_obsidian 6
GIVE /give @s minecraft:glowstone 3
GIVE /give @s minecraft:crafting_table 1
PASS item=minecraft:respawn_anchor reason=crafted output appeared in inventory
RESET /clear @s
RESET /kill @e[type=item,distance=..16]
RESET clean inventory before item 711

PLAN 711/799 item=minecraft:rib_armor_trim_smithing_template resources=[7xminecraft:diamond, 1xminecraft:rib_armor_trim_smithing_template, 1xminecraft:netherrack, 1xminecraft:crafting_table] leafPlanFailures=[]
GIVE /give @s minecraft:diamond 7
GIVE /give @s minecraft:rib_armor_trim_smithing_template 1
GIVE /give @s minecraft:netherrack 1
GIVE /give @s minecraft:crafting_table 1
PASS item=minecraft:rib_armor_trim_smithing_template reason=crafted output appeared in inventory
RESET /clear @s
RESET /kill @e[type=item,distance=..16]
RESET clean inventory before item 712

PLAN 712/799 item=minecraft:scaffolding resources=[6xminecraft:bamboo, 1xminecraft:string, 1xminecraft:crafting_table] leafPlanFailures=[]
GIVE /give @s minecraft:bamboo 6
GIVE /give @s minecraft:string 1
GIVE /give @s minecraft:crafting_table 1
PASS item=minecraft:scaffolding reason=crafted output appeared in inventory
RESET /clear @s
RESET /kill @e[type=item,distance=..16]
RESET clean inventory before item 713

PLAN 713/799 item=minecraft:sea_lantern resources=[4xminecraft:prismarine_shard, 5xminecraft:prismarine_crystals, 1xminecraft:crafting_table] leafPlanFailures=[]
GIVE /give @s minecraft:prismarine_shard 4
GIVE /give @s minecraft:prismarine_crystals 5
GIVE /give @s minecraft:crafting_table 1
PASS item=minecraft:sea_lantern reason=crafted output appeared in inventory
RESET /clear @s
RESET /kill @e[type=item,distance=..16]
RESET clean inventory before item 714

PLAN 714/799 item=minecraft:sentry_armor_trim_smithing_template resources=[7xminecraft:diamond, 1xminecraft:sentry_armor_trim_smithing_template, 1xminecraft:cobblestone, 1xminecraft:crafting_table] leafPlanFailures=[]
GIVE /give @s minecraft:diamond 7
GIVE /give @s minecraft:sentry_armor_trim_smithing_template 1
GIVE /give @s minecraft:cobblestone 1
GIVE /give @s minecraft:crafting_table 1
PASS item=minecraft:sentry_armor_trim_smithing_template reason=crafted output appeared in inventory
RESET /clear @s
RESET /kill @e[type=item,distance=..16]
RESET clean inventory before item 715

PLAN 715/799 item=minecraft:shaper_armor_trim_smithing_template resources=[7xminecraft:diamond, 1xminecraft:shaper_armor_trim_smithing_template, 1xminecraft:terracotta, 1xminecraft:crafting_table] leafPlanFailures=[]
GIVE /give @s minecraft:diamond 7
GIVE /give @s minecraft:shaper_armor_trim_smithing_template 1
GIVE /give @s minecraft:terracotta 1
GIVE /give @s minecraft:crafting_table 1
PASS item=minecraft:shaper_armor_trim_smithing_template reason=crafted output appeared in inventory
RESET /clear @s
RESET /kill @e[type=item,distance=..16]
RESET clean inventory before item 716

PLAN 716/799 item=minecraft:shulker_box resources=[2xminecraft:shulker_shell, 1xminecraft:chest, 1xminecraft:crafting_table] leafPlanFailures=[]
GIVE /give @s minecraft:shulker_shell 2
GIVE /give @s minecraft:chest 1
GIVE /give @s minecraft:crafting_table 1
PASS item=minecraft:shulker_box reason=crafted output appeared in inventory
RESET /clear @s
RESET /kill @e[type=item,distance=..16]
RESET clean inventory before item 717

PLAN 717/799 item=minecraft:silence_armor_trim_smithing_template resources=[7xminecraft:diamond, 1xminecraft:silence_armor_trim_smithing_template, 1xminecraft:cobbled_deepslate, 1xminecraft:crafting_table] leafPlanFailures=[]
GIVE /give @s minecraft:diamond 7
GIVE /give @s minecraft:silence_armor_trim_smithing_template 1
GIVE /give @s minecraft:cobbled_deepslate 1
GIVE /give @s minecraft:crafting_table 1
PASS item=minecraft:silence_armor_trim_smithing_template reason=crafted output appeared in inventory
RESET /clear @s
RESET /kill @e[type=item,distance=..16]
RESET clean inventory before item 718

PLAN 718/799 item=minecraft:skull_banner_pattern resources=[1xminecraft:paper, 1xminecraft:wither_skeleton_skull, 1xminecraft:crafting_table] leafPlanFailures=[]
GIVE /give @s minecraft:paper 1
GIVE /give @s minecraft:wither_skeleton_skull 1
GIVE /give @s minecraft:crafting_table 1
PASS item=minecraft:skull_banner_pattern reason=crafted output appeared in inventory
RESET /clear @s
RESET /kill @e[type=item,distance=..16]
RESET clean inventory before item 719

PLAN 719/799 item=minecraft:snout_armor_trim_smithing_template resources=[7xminecraft:diamond, 1xminecraft:snout_armor_trim_smithing_template, 1xminecraft:blackstone, 1xminecraft:crafting_table] leafPlanFailures=[]
GIVE /give @s minecraft:diamond 7
GIVE /give @s minecraft:snout_armor_trim_smithing_template 1
GIVE /give @s minecraft:blackstone 1
GIVE /give @s minecraft:crafting_table 1
PASS item=minecraft:snout_armor_trim_smithing_template reason=crafted output appeared in inventory
RESET /clear @s
RESET /kill @e[type=item,distance=..16]
RESET clean inventory before item 720

PLAN 720/799 item=minecraft:snow resources=[3xminecraft:snow_block, 1xminecraft:crafting_table] leafPlanFailures=[]
GIVE /give @s minecraft:snow_block 3
GIVE /give @s minecraft:crafting_table 1
PASS item=minecraft:snow reason=crafted output appeared in inventory
RESET /clear @s
RESET /kill @e[type=item,distance=..16]
RESET clean inventory before item 721

PLAN 721/799 item=minecraft:snow_block resources=[4xminecraft:snowball] leafPlanFailures=[]
GIVE /give @s minecraft:snowball 4
PASS item=minecraft:snow_block reason=crafted output appeared in inventory
RESET /clear @s
RESET /kill @e[type=item,distance=..16]
RESET clean inventory before item 722

PLAN 722/799 item=minecraft:spectral_arrow resources=[4xminecraft:glowstone_dust, 1xminecraft:arrow, 1xminecraft:crafting_table] leafPlanFailures=[]
GIVE /give @s minecraft:glowstone_dust 4
GIVE /give @s minecraft:arrow 1
GIVE /give @s minecraft:crafting_table 1
PASS item=minecraft:spectral_arrow reason=crafted output appeared in inventory
RESET /clear @s
RESET /kill @e[type=item,distance=..16]
RESET clean inventory before item 723

PLAN 723/799 item=minecraft:spire_armor_trim_smithing_template resources=[7xminecraft:diamond, 1xminecraft:spire_armor_trim_smithing_template, 1xminecraft:purpur_block, 1xminecraft:crafting_table] leafPlanFailures=[]
GIVE /give @s minecraft:diamond 7
GIVE /give @s minecraft:spire_armor_trim_smithing_template 1
GIVE /give @s minecraft:purpur_block 1
GIVE /give @s minecraft:crafting_table 1
PASS item=minecraft:spire_armor_trim_smithing_template reason=crafted output appeared in inventory
RESET /clear @s
RESET /kill @e[type=item,distance=..16]
RESET clean inventory before item 724

PLAN 724/799 item=minecraft:spruce_chest_boat resources=[1xminecraft:chest, 1xminecraft:spruce_boat, 1xminecraft:crafting_table] leafPlanFailures=[]
GIVE /give @s minecraft:chest 1
GIVE /give @s minecraft:spruce_boat 1
GIVE /give @s minecraft:crafting_table 1
PASS item=minecraft:spruce_chest_boat reason=crafted output appeared in inventory
RESET /clear @s
RESET /kill @e[type=item,distance=..16]
RESET clean inventory before item 725

PLAN 725/799 item=minecraft:stonecutter resources=[1xminecraft:iron_ingot, 3xminecraft:stone, 1xminecraft:crafting_table] leafPlanFailures=[]
GIVE /give @s minecraft:iron_ingot 1
GIVE /give @s minecraft:stone 3
GIVE /give @s minecraft:crafting_table 1
PASS item=minecraft:stonecutter reason=crafted output appeared in inventory
RESET /clear @s
RESET /kill @e[type=item,distance=..16]
RESET clean inventory before item 726

PLAN 726/799 item=minecraft:stripped_pale_oak_wood resources=[4xminecraft:stripped_pale_oak_log] leafPlanFailures=[]
GIVE /give @s minecraft:stripped_pale_oak_log 4
PASS item=minecraft:stripped_pale_oak_wood reason=crafted output appeared in inventory
RESET /clear @s
RESET /kill @e[type=item,distance=..16]
RESET clean inventory before item 727

PLAN 727/799 item=minecraft:tide_armor_trim_smithing_template resources=[7xminecraft:diamond, 1xminecraft:tide_armor_trim_smithing_template, 1xminecraft:prismarine, 1xminecraft:crafting_table] leafPlanFailures=[]
GIVE /give @s minecraft:diamond 7
GIVE /give @s minecraft:tide_armor_trim_smithing_template 1
GIVE /give @s minecraft:prismarine 1
GIVE /give @s minecraft:crafting_table 1
PASS item=minecraft:tide_armor_trim_smithing_template reason=crafted output appeared in inventory
RESET /clear @s
RESET /kill @e[type=item,distance=..16]
RESET clean inventory before item 728

PLAN 728/799 item=minecraft:tuff_brick_slab resources=[3xminecraft:tuff_bricks, 1xminecraft:crafting_table] leafPlanFailures=[]
GIVE /give @s minecraft:tuff_bricks 3
GIVE /give @s minecraft:crafting_table 1
PASS item=minecraft:tuff_brick_slab reason=crafted output appeared in inventory
RESET /clear @s
RESET /kill @e[type=item,distance=..16]
RESET clean inventory before item 729

PLAN 729/799 item=minecraft:tuff_brick_stairs resources=[6xminecraft:tuff_bricks, 1xminecraft:crafting_table] leafPlanFailures=[]
GIVE /give @s minecraft:tuff_bricks 6
GIVE /give @s minecraft:crafting_table 1
PASS item=minecraft:tuff_brick_stairs reason=crafted output appeared in inventory
RESET /clear @s
RESET /kill @e[type=item,distance=..16]
RESET clean inventory before item 730

PLAN 730/799 item=minecraft:tuff_brick_wall resources=[6xminecraft:tuff_bricks, 1xminecraft:crafting_table] leafPlanFailures=[]
GIVE /give @s minecraft:tuff_bricks 6
GIVE /give @s minecraft:crafting_table 1
PASS item=minecraft:tuff_brick_wall reason=crafted output appeared in inventory
RESET /clear @s
RESET /kill @e[type=item,distance=..16]
RESET clean inventory before item 731

PLAN 731/799 item=minecraft:tuff_bricks resources=[4xminecraft:polished_tuff] leafPlanFailures=[]
GIVE /give @s minecraft:polished_tuff 4
PASS item=minecraft:tuff_bricks reason=crafted output appeared in inventory
RESET /clear @s
RESET /kill @e[type=item,distance=..16]
RESET clean inventory before item 732

PLAN 732/799 item=minecraft:tuff_slab resources=[3xminecraft:tuff, 1xminecraft:crafting_table] leafPlanFailures=[]
GIVE /give @s minecraft:tuff 3
GIVE /give @s minecraft:crafting_table 1
PASS item=minecraft:tuff_slab reason=crafted output appeared in inventory
RESET /clear @s
RESET /kill @e[type=item,distance=..16]
RESET clean inventory before item 733

PLAN 733/799 item=minecraft:tuff_stairs resources=[6xminecraft:tuff, 1xminecraft:crafting_table] leafPlanFailures=[]
GIVE /give @s minecraft:tuff 6
GIVE /give @s minecraft:crafting_table 1
PASS item=minecraft:tuff_stairs reason=crafted output appeared in inventory
RESET /clear @s
RESET /kill @e[type=item,distance=..16]
RESET clean inventory before item 734

PLAN 734/799 item=minecraft:tuff_wall resources=[6xminecraft:tuff, 1xminecraft:crafting_table] leafPlanFailures=[]
GIVE /give @s minecraft:tuff 6
GIVE /give @s minecraft:crafting_table 1
PASS item=minecraft:tuff_wall reason=crafted output appeared in inventory
RESET /clear @s
RESET /kill @e[type=item,distance=..16]
RESET clean inventory before item 735

PLAN 735/799 item=minecraft:turtle_helmet resources=[5xminecraft:turtle_scute, 1xminecraft:crafting_table] leafPlanFailures=[]
GIVE /give @s minecraft:turtle_scute 5
GIVE /give @s minecraft:crafting_table 1
PASS item=minecraft:turtle_helmet reason=crafted output appeared in inventory
RESET /clear @s
RESET /kill @e[type=item,distance=..16]
RESET clean inventory before item 736

PLAN 736/799 item=minecraft:vex_armor_trim_smithing_template resources=[7xminecraft:diamond, 1xminecraft:vex_armor_trim_smithing_template, 1xminecraft:cobblestone, 1xminecraft:crafting_table] leafPlanFailures=[]
GIVE /give @s minecraft:diamond 7
GIVE /give @s minecraft:vex_armor_trim_smithing_template 1
GIVE /give @s minecraft:cobblestone 1
GIVE /give @s minecraft:crafting_table 1
PASS item=minecraft:vex_armor_trim_smithing_template reason=crafted output appeared in inventory
RESET /clear @s
RESET /kill @e[type=item,distance=..16]
RESET clean inventory before item 737

PLAN 737/799 item=minecraft:ward_armor_trim_smithing_template resources=[7xminecraft:diamond, 1xminecraft:ward_armor_trim_smithing_template, 1xminecraft:cobbled_deepslate, 1xminecraft:crafting_table] leafPlanFailures=[]
GIVE /give @s minecraft:diamond 7
GIVE /give @s minecraft:ward_armor_trim_smithing_template 1
GIVE /give @s minecraft:cobbled_deepslate 1
GIVE /give @s minecraft:crafting_table 1
PASS item=minecraft:ward_armor_trim_smithing_template reason=crafted output appeared in inventory
RESET /clear @s
RESET /kill @e[type=item,distance=..16]
RESET clean inventory before item 738

PLAN 738/799 item=minecraft:waxed_chiseled_copper resources=[2xminecraft:waxed_cut_copper_slab] leafPlanFailures=[]
GIVE /give @s minecraft:waxed_cut_copper_slab 2
PASS item=minecraft:waxed_chiseled_copper reason=crafted output appeared in inventory
RESET /clear @s
RESET /kill @e[type=item,distance=..16]
RESET clean inventory before item 739

PLAN 739/799 item=minecraft:waxed_copper_block resources=[1xminecraft:copper_block, 1xminecraft:honeycomb, 1xminecraft:crafting_table] leafPlanFailures=[]
GIVE /give @s minecraft:copper_block 1
GIVE /give @s minecraft:honeycomb 1
GIVE /give @s minecraft:crafting_table 1
PASS item=minecraft:waxed_copper_block reason=crafted output appeared in inventory
RESET /clear @s
RESET /kill @e[type=item,distance=..16]
RESET clean inventory before item 740

PLAN 740/799 item=minecraft:waxed_copper_bulb resources=[3xminecraft:waxed_copper_block, 1xminecraft:blaze_rod, 1xminecraft:redstone, 1xminecraft:crafting_table] leafPlanFailures=[]
GIVE /give @s minecraft:waxed_copper_block 3
GIVE /give @s minecraft:blaze_rod 1
GIVE /give @s minecraft:redstone 1
GIVE /give @s minecraft:crafting_table 1
PASS item=minecraft:waxed_copper_bulb reason=crafted output appeared in inventory
RESET /clear @s
RESET /kill @e[type=item,distance=..16]
RESET clean inventory before item 741

PLAN 741/799 item=minecraft:waxed_copper_door resources=[1xminecraft:copper_door, 1xminecraft:honeycomb, 1xminecraft:crafting_table] leafPlanFailures=[]
GIVE /give @s minecraft:copper_door 1
GIVE /give @s minecraft:honeycomb 1
GIVE /give @s minecraft:crafting_table 1
PASS item=minecraft:waxed_copper_door reason=crafted output appeared in inventory
RESET /clear @s
RESET /kill @e[type=item,distance=..16]
RESET clean inventory before item 742

PLAN 742/799 item=minecraft:waxed_copper_grate resources=[4xminecraft:waxed_copper_block, 1xminecraft:crafting_table] leafPlanFailures=[]
GIVE /give @s minecraft:waxed_copper_block 4
GIVE /give @s minecraft:crafting_table 1
PASS item=minecraft:waxed_copper_grate reason=crafted output appeared in inventory
RESET /clear @s
RESET /kill @e[type=item,distance=..16]
RESET clean inventory before item 743

PLAN 743/799 item=minecraft:waxed_copper_trapdoor resources=[1xminecraft:copper_trapdoor, 1xminecraft:honeycomb, 1xminecraft:crafting_table] leafPlanFailures=[]
GIVE /give @s minecraft:copper_trapdoor 1
GIVE /give @s minecraft:honeycomb 1
GIVE /give @s minecraft:crafting_table 1
PASS item=minecraft:waxed_copper_trapdoor reason=crafted output appeared in inventory
RESET /clear @s
RESET /kill @e[type=item,distance=..16]
RESET clean inventory before item 744

PLAN 744/799 item=minecraft:waxed_cut_copper resources=[4xminecraft:waxed_copper_block] leafPlanFailures=[]
GIVE /give @s minecraft:waxed_copper_block 4
PASS item=minecraft:waxed_cut_copper reason=crafted output appeared in inventory
RESET /clear @s
RESET /kill @e[type=item,distance=..16]
RESET clean inventory before item 745

PLAN 745/799 item=minecraft:waxed_cut_copper_slab resources=[3xminecraft:waxed_cut_copper, 1xminecraft:crafting_table] leafPlanFailures=[]
GIVE /give @s minecraft:waxed_cut_copper 3
GIVE /give @s minecraft:crafting_table 1
PASS item=minecraft:waxed_cut_copper_slab reason=crafted output appeared in inventory
RESET /clear @s
RESET /kill @e[type=item,distance=..16]
RESET clean inventory before item 746

PLAN 746/799 item=minecraft:waxed_cut_copper_stairs resources=[6xminecraft:waxed_cut_copper, 1xminecraft:crafting_table] leafPlanFailures=[]
GIVE /give @s minecraft:waxed_cut_copper 6
GIVE /give @s minecraft:crafting_table 1
PASS item=minecraft:waxed_cut_copper_stairs reason=crafted output appeared in inventory
RESET /clear @s
RESET /kill @e[type=item,distance=..16]
RESET clean inventory before item 747

PLAN 747/799 item=minecraft:waxed_exposed_chiseled_copper resources=[2xminecraft:waxed_exposed_cut_copper_slab] leafPlanFailures=[]
GIVE /give @s minecraft:waxed_exposed_cut_copper_slab 2
PASS item=minecraft:waxed_exposed_chiseled_copper reason=crafted output appeared in inventory
RESET /clear @s
RESET /kill @e[type=item,distance=..16]
RESET clean inventory before item 748

PLAN 748/799 item=minecraft:waxed_exposed_copper resources=[1xminecraft:exposed_copper, 1xminecraft:honeycomb, 1xminecraft:crafting_table] leafPlanFailures=[]
GIVE /give @s minecraft:exposed_copper 1
GIVE /give @s minecraft:honeycomb 1
GIVE /give @s minecraft:crafting_table 1
PASS item=minecraft:waxed_exposed_copper reason=crafted output appeared in inventory
RESET /clear @s
RESET /kill @e[type=item,distance=..16]
RESET clean inventory before item 749

PLAN 749/799 item=minecraft:waxed_exposed_copper_bulb resources=[3xminecraft:waxed_exposed_copper, 1xminecraft:blaze_rod, 1xminecraft:redstone, 1xminecraft:crafting_table] leafPlanFailures=[]
GIVE /give @s minecraft:waxed_exposed_copper 3
GIVE /give @s minecraft:blaze_rod 1
GIVE /give @s minecraft:redstone 1
GIVE /give @s minecraft:crafting_table 1
PASS item=minecraft:waxed_exposed_copper_bulb reason=crafted output appeared in inventory
RESET /clear @s
RESET /kill @e[type=item,distance=..16]
RESET clean inventory before item 750

PLAN 750/799 item=minecraft:waxed_exposed_copper_door resources=[1xminecraft:exposed_copper_door, 1xminecraft:honeycomb, 1xminecraft:crafting_table] leafPlanFailures=[]
GIVE /give @s minecraft:exposed_copper_door 1
GIVE /give @s minecraft:honeycomb 1
GIVE /give @s minecraft:crafting_table 1
PASS item=minecraft:waxed_exposed_copper_door reason=crafted output appeared in inventory
RESET /clear @s
RESET /kill @e[type=item,distance=..16]
RESET clean inventory before item 751

PLAN 751/799 item=minecraft:waxed_exposed_copper_grate resources=[4xminecraft:waxed_exposed_copper, 1xminecraft:crafting_table] leafPlanFailures=[]
GIVE /give @s minecraft:waxed_exposed_copper 4
GIVE /give @s minecraft:crafting_table 1
PASS item=minecraft:waxed_exposed_copper_grate reason=crafted output appeared in inventory
RESET /clear @s
RESET /kill @e[type=item,distance=..16]
RESET clean inventory before item 752

PLAN 752/799 item=minecraft:waxed_exposed_copper_trapdoor resources=[1xminecraft:exposed_copper_trapdoor, 1xminecraft:honeycomb, 1xminecraft:crafting_table] leafPlanFailures=[]
GIVE /give @s minecraft:exposed_copper_trapdoor 1
GIVE /give @s minecraft:honeycomb 1
GIVE /give @s minecraft:crafting_table 1
PASS item=minecraft:waxed_exposed_copper_trapdoor reason=crafted output appeared in inventory
RESET /clear @s
RESET /kill @e[type=item,distance=..16]
RESET clean inventory before item 753

PLAN 753/799 item=minecraft:waxed_exposed_cut_copper resources=[4xminecraft:waxed_exposed_copper] leafPlanFailures=[]
GIVE /give @s minecraft:waxed_exposed_copper 4
PASS item=minecraft:waxed_exposed_cut_copper reason=crafted output appeared in inventory
RESET /clear @s
RESET /kill @e[type=item,distance=..16]
RESET clean inventory before item 754

PLAN 754/799 item=minecraft:waxed_exposed_cut_copper_slab resources=[3xminecraft:waxed_exposed_cut_copper, 1xminecraft:crafting_table] leafPlanFailures=[]
GIVE /give @s minecraft:waxed_exposed_cut_copper 3
GIVE /give @s minecraft:crafting_table 1
PASS item=minecraft:waxed_exposed_cut_copper_slab reason=crafted output appeared in inventory
RESET /clear @s
RESET /kill @e[type=item,distance=..16]
RESET clean inventory before item 755

PLAN 755/799 item=minecraft:waxed_exposed_cut_copper_stairs resources=[6xminecraft:waxed_exposed_cut_copper, 1xminecraft:crafting_table] leafPlanFailures=[]
GIVE /give @s minecraft:waxed_exposed_cut_copper 6
GIVE /give @s minecraft:crafting_table 1
PASS item=minecraft:waxed_exposed_cut_copper_stairs reason=crafted output appeared in inventory
RESET /clear @s
RESET /kill @e[type=item,distance=..16]
RESET clean inventory before item 756

PLAN 756/799 item=minecraft:waxed_oxidized_chiseled_copper resources=[2xminecraft:waxed_oxidized_cut_copper_slab] leafPlanFailures=[]
GIVE /give @s minecraft:waxed_oxidized_cut_copper_slab 2
PASS item=minecraft:waxed_oxidized_chiseled_copper reason=crafted output appeared in inventory
RESET /clear @s
RESET /kill @e[type=item,distance=..16]
RESET clean inventory before item 757

PLAN 757/799 item=minecraft:waxed_oxidized_copper resources=[1xminecraft:oxidized_copper, 1xminecraft:honeycomb, 1xminecraft:crafting_table] leafPlanFailures=[]
GIVE /give @s minecraft:oxidized_copper 1
GIVE /give @s minecraft:honeycomb 1
GIVE /give @s minecraft:crafting_table 1
PASS item=minecraft:waxed_oxidized_copper reason=crafted output appeared in inventory
RESET /clear @s
RESET /kill @e[type=item,distance=..16]
RESET clean inventory before item 758

PLAN 758/799 item=minecraft:waxed_oxidized_copper_bulb resources=[3xminecraft:waxed_oxidized_copper, 1xminecraft:blaze_rod, 1xminecraft:redstone, 1xminecraft:crafting_table] leafPlanFailures=[]
GIVE /give @s minecraft:waxed_oxidized_copper 3
GIVE /give @s minecraft:blaze_rod 1
GIVE /give @s minecraft:redstone 1
GIVE /give @s minecraft:crafting_table 1
PASS item=minecraft:waxed_oxidized_copper_bulb reason=crafted output appeared in inventory
RESET /clear @s
RESET /kill @e[type=item,distance=..16]
RESET clean inventory before item 759

PLAN 759/799 item=minecraft:waxed_oxidized_copper_door resources=[1xminecraft:oxidized_copper_door, 1xminecraft:honeycomb, 1xminecraft:crafting_table] leafPlanFailures=[]
GIVE /give @s minecraft:oxidized_copper_door 1
GIVE /give @s minecraft:honeycomb 1
GIVE /give @s minecraft:crafting_table 1
PASS item=minecraft:waxed_oxidized_copper_door reason=crafted output appeared in inventory
RESET /clear @s
RESET /kill @e[type=item,distance=..16]
RESET clean inventory before item 760

PLAN 760/799 item=minecraft:waxed_oxidized_copper_grate resources=[4xminecraft:waxed_oxidized_copper, 1xminecraft:crafting_table] leafPlanFailures=[]
GIVE /give @s minecraft:waxed_oxidized_copper 4
GIVE /give @s minecraft:crafting_table 1
PASS item=minecraft:waxed_oxidized_copper_grate reason=crafted output appeared in inventory
RESET /clear @s
RESET /kill @e[type=item,distance=..16]
RESET clean inventory before item 761

PLAN 761/799 item=minecraft:waxed_oxidized_copper_trapdoor resources=[1xminecraft:oxidized_copper_trapdoor, 1xminecraft:honeycomb, 1xminecraft:crafting_table] leafPlanFailures=[]
GIVE /give @s minecraft:oxidized_copper_trapdoor 1
GIVE /give @s minecraft:honeycomb 1
GIVE /give @s minecraft:crafting_table 1
PASS item=minecraft:waxed_oxidized_copper_trapdoor reason=crafted output appeared in inventory
RESET /clear @s
RESET /kill @e[type=item,distance=..16]
RESET clean inventory before item 762

PLAN 762/799 item=minecraft:waxed_oxidized_cut_copper resources=[4xminecraft:waxed_oxidized_copper] leafPlanFailures=[]
GIVE /give @s minecraft:waxed_oxidized_copper 4
PASS item=minecraft:waxed_oxidized_cut_copper reason=crafted output appeared in inventory
RESET /clear @s
RESET /kill @e[type=item,distance=..16]
RESET clean inventory before item 763

PLAN 763/799 item=minecraft:waxed_oxidized_cut_copper_slab resources=[3xminecraft:waxed_oxidized_cut_copper, 1xminecraft:crafting_table] leafPlanFailures=[]
GIVE /give @s minecraft:waxed_oxidized_cut_copper 3
GIVE /give @s minecraft:crafting_table 1
PASS item=minecraft:waxed_oxidized_cut_copper_slab reason=crafted output appeared in inventory
RESET /clear @s
RESET /kill @e[type=item,distance=..16]
RESET clean inventory before item 764

PLAN 764/799 item=minecraft:waxed_oxidized_cut_copper_stairs resources=[6xminecraft:waxed_oxidized_cut_copper, 1xminecraft:crafting_table] leafPlanFailures=[]
GIVE /give @s minecraft:waxed_oxidized_cut_copper 6
GIVE /give @s minecraft:crafting_table 1
PASS item=minecraft:waxed_oxidized_cut_copper_stairs reason=crafted output appeared in inventory
RESET /clear @s
RESET /kill @e[type=item,distance=..16]
RESET clean inventory before item 765

PLAN 765/799 item=minecraft:waxed_weathered_chiseled_copper resources=[2xminecraft:waxed_weathered_cut_copper_slab] leafPlanFailures=[]
GIVE /give @s minecraft:waxed_weathered_cut_copper_slab 2
PASS item=minecraft:waxed_weathered_chiseled_copper reason=crafted output appeared in inventory
RESET /clear @s
RESET /kill @e[type=item,distance=..16]
RESET clean inventory before item 766

PLAN 766/799 item=minecraft:waxed_weathered_copper resources=[1xminecraft:weathered_copper, 1xminecraft:honeycomb, 1xminecraft:crafting_table] leafPlanFailures=[]
GIVE /give @s minecraft:weathered_copper 1
GIVE /give @s minecraft:honeycomb 1
GIVE /give @s minecraft:crafting_table 1
PASS item=minecraft:waxed_weathered_copper reason=crafted output appeared in inventory
RESET /clear @s
RESET /kill @e[type=item,distance=..16]
RESET clean inventory before item 767

PLAN 767/799 item=minecraft:waxed_weathered_copper_bulb resources=[3xminecraft:waxed_weathered_copper, 1xminecraft:blaze_rod, 1xminecraft:redstone, 1xminecraft:crafting_table] leafPlanFailures=[]
GIVE /give @s minecraft:waxed_weathered_copper 3
GIVE /give @s minecraft:blaze_rod 1
GIVE /give @s minecraft:redstone 1
GIVE /give @s minecraft:crafting_table 1
PASS item=minecraft:waxed_weathered_copper_bulb reason=crafted output appeared in inventory
RESET /clear @s
RESET /kill @e[type=item,distance=..16]
RESET clean inventory before item 768

PLAN 768/799 item=minecraft:waxed_weathered_copper_door resources=[1xminecraft:weathered_copper_door, 1xminecraft:honeycomb, 1xminecraft:crafting_table] leafPlanFailures=[]
GIVE /give @s minecraft:weathered_copper_door 1
GIVE /give @s minecraft:honeycomb 1
GIVE /give @s minecraft:crafting_table 1
PASS item=minecraft:waxed_weathered_copper_door reason=crafted output appeared in inventory
RESET /clear @s
RESET /kill @e[type=item,distance=..16]
RESET clean inventory before item 769

PLAN 769/799 item=minecraft:waxed_weathered_copper_grate resources=[4xminecraft:waxed_weathered_copper, 1xminecraft:crafting_table] leafPlanFailures=[]
GIVE /give @s minecraft:waxed_weathered_copper 4
GIVE /give @s minecraft:crafting_table 1
PASS item=minecraft:waxed_weathered_copper_grate reason=crafted output appeared in inventory
RESET /clear @s
RESET /kill @e[type=item,distance=..16]
RESET clean inventory before item 770

PLAN 770/799 item=minecraft:waxed_weathered_copper_trapdoor resources=[1xminecraft:weathered_copper_trapdoor, 1xminecraft:honeycomb, 1xminecraft:crafting_table] leafPlanFailures=[]
GIVE /give @s minecraft:weathered_copper_trapdoor 1
GIVE /give @s minecraft:honeycomb 1
GIVE /give @s minecraft:crafting_table 1
PASS item=minecraft:waxed_weathered_copper_trapdoor reason=crafted output appeared in inventory
RESET /clear @s
RESET /kill @e[type=item,distance=..16]
RESET clean inventory before item 771

PLAN 771/799 item=minecraft:waxed_weathered_cut_copper resources=[4xminecraft:waxed_weathered_copper] leafPlanFailures=[]
GIVE /give @s minecraft:waxed_weathered_copper 4
PASS item=minecraft:waxed_weathered_cut_copper reason=crafted output appeared in inventory
RESET /clear @s
RESET /kill @e[type=item,distance=..16]
RESET clean inventory before item 772

PLAN 772/799 item=minecraft:waxed_weathered_cut_copper_slab resources=[3xminecraft:waxed_weathered_cut_copper, 1xminecraft:crafting_table] leafPlanFailures=[]
GIVE /give @s minecraft:waxed_weathered_cut_copper 3
GIVE /give @s minecraft:crafting_table 1
PASS item=minecraft:waxed_weathered_cut_copper_slab reason=crafted output appeared in inventory
RESET /clear @s
RESET /kill @e[type=item,distance=..16]
RESET clean inventory before item 773

PLAN 773/799 item=minecraft:waxed_weathered_cut_copper_stairs resources=[6xminecraft:waxed_weathered_cut_copper, 1xminecraft:crafting_table] leafPlanFailures=[]
GIVE /give @s minecraft:waxed_weathered_cut_copper 6
GIVE /give @s minecraft:crafting_table 1
PASS item=minecraft:waxed_weathered_cut_copper_stairs reason=crafted output appeared in inventory
RESET /clear @s
RESET /kill @e[type=item,distance=..16]
RESET clean inventory before item 774

PLAN 774/799 item=minecraft:wayfinder_armor_trim_smithing_template resources=[7xminecraft:diamond, 1xminecraft:wayfinder_armor_trim_smithing_template, 1xminecraft:terracotta, 1xminecraft:crafting_table] leafPlanFailures=[]
GIVE /give @s minecraft:diamond 7
GIVE /give @s minecraft:wayfinder_armor_trim_smithing_template 1
GIVE /give @s minecraft:terracotta 1
GIVE /give @s minecraft:crafting_table 1
PASS item=minecraft:wayfinder_armor_trim_smithing_template reason=crafted output appeared in inventory
RESET /clear @s
RESET /kill @e[type=item,distance=..16]
RESET clean inventory before item 775

PLAN 775/799 item=minecraft:weathered_chiseled_copper resources=[2xminecraft:weathered_cut_copper_slab] leafPlanFailures=[]
GIVE /give @s minecraft:weathered_cut_copper_slab 2
PASS item=minecraft:weathered_chiseled_copper reason=crafted output appeared in inventory
RESET /clear @s
RESET /kill @e[type=item,distance=..16]
RESET clean inventory before item 776

PLAN 776/799 item=minecraft:weathered_copper_bulb resources=[3xminecraft:weathered_copper, 1xminecraft:blaze_rod, 1xminecraft:redstone, 1xminecraft:crafting_table] leafPlanFailures=[]
GIVE /give @s minecraft:weathered_copper 3
GIVE /give @s minecraft:blaze_rod 1
GIVE /give @s minecraft:redstone 1
GIVE /give @s minecraft:crafting_table 1
PASS item=minecraft:weathered_copper_bulb reason=crafted output appeared in inventory
RESET /clear @s
RESET /kill @e[type=item,distance=..16]
RESET clean inventory before item 777

PLAN 777/799 item=minecraft:weathered_copper_grate resources=[4xminecraft:weathered_copper, 1xminecraft:crafting_table] leafPlanFailures=[]
GIVE /give @s minecraft:weathered_copper 4
GIVE /give @s minecraft:crafting_table 1
PASS item=minecraft:weathered_copper_grate reason=crafted output appeared in inventory
RESET /clear @s
RESET /kill @e[type=item,distance=..16]
RESET clean inventory before item 778

PLAN 778/799 item=minecraft:weathered_cut_copper resources=[4xminecraft:weathered_copper] leafPlanFailures=[]
GIVE /give @s minecraft:weathered_copper 4
PASS item=minecraft:weathered_cut_copper reason=crafted output appeared in inventory
RESET /clear @s
RESET /kill @e[type=item,distance=..16]
RESET clean inventory before item 779

PLAN 779/799 item=minecraft:weathered_cut_copper_slab resources=[3xminecraft:weathered_cut_copper, 1xminecraft:crafting_table] leafPlanFailures=[]
GIVE /give @s minecraft:weathered_cut_copper 3
GIVE /give @s minecraft:crafting_table 1
PASS item=minecraft:weathered_cut_copper_slab reason=crafted output appeared in inventory
RESET /clear @s
RESET /kill @e[type=item,distance=..16]
RESET clean inventory before item 780

PLAN 780/799 item=minecraft:weathered_cut_copper_stairs resources=[6xminecraft:weathered_cut_copper, 1xminecraft:crafting_table] leafPlanFailures=[]
GIVE /give @s minecraft:weathered_cut_copper 6
GIVE /give @s minecraft:crafting_table 1
PASS item=minecraft:weathered_cut_copper_stairs reason=crafted output appeared in inventory
RESET /clear @s
RESET /kill @e[type=item,distance=..16]
RESET clean inventory before item 781

PLAN 781/799 item=minecraft:white_banner resources=[6xminecraft:white_wool, 1xminecraft:stick, 1xminecraft:crafting_table] leafPlanFailures=[]
GIVE /give @s minecraft:white_wool 6
GIVE /give @s minecraft:stick 1
GIVE /give @s minecraft:crafting_table 1
PASS item=minecraft:white_banner reason=crafted output appeared in inventory
RESET /clear @s
RESET /kill @e[type=item,distance=..16]
RESET clean inventory before item 782

PLAN 782/799 item=minecraft:white_candle resources=[1xminecraft:candle, 1xminecraft:white_dye] leafPlanFailures=[]
GIVE /give @s minecraft:candle 1
GIVE /give @s minecraft:white_dye 1
PASS item=minecraft:white_candle reason=crafted output appeared in inventory
RESET /clear @s
RESET /kill @e[type=item,distance=..16]
RESET clean inventory before item 783

PLAN 783/799 item=minecraft:white_carpet resources=[2xminecraft:white_wool] leafPlanFailures=[]
GIVE /give @s minecraft:white_wool 2
PASS item=minecraft:white_carpet reason=crafted output appeared in inventory
RESET /clear @s
RESET /kill @e[type=item,distance=..16]
RESET clean inventory before item 784

PLAN 784/799 item=minecraft:white_concrete_powder resources=[4xminecraft:sand, 4xminecraft:gravel, 1xminecraft:white_dye, 1xminecraft:crafting_table] leafPlanFailures=[]
GIVE /give @s minecraft:sand 4
GIVE /give @s minecraft:gravel 4
GIVE /give @s minecraft:white_dye 1
GIVE /give @s minecraft:crafting_table 1
PASS item=minecraft:white_concrete_powder reason=crafted output appeared in inventory
RESET /clear @s
RESET /kill @e[type=item,distance=..16]
RESET clean inventory before item 785

PLAN 785/799 item=minecraft:white_dye resources=[1xminecraft:bone_meal, 1xminecraft:crafting_table] leafPlanFailures=[]
GIVE /give @s minecraft:bone_meal 1
GIVE /give @s minecraft:crafting_table 1
PASS item=minecraft:white_dye reason=crafted output appeared in inventory
RESET /clear @s
RESET /kill @e[type=item,distance=..16]
RESET clean inventory before item 786

PLAN 786/799 item=minecraft:white_stained_glass resources=[8xminecraft:glass, 1xminecraft:white_dye, 1xminecraft:crafting_table] leafPlanFailures=[]
GIVE /give @s minecraft:glass 8
GIVE /give @s minecraft:white_dye 1
GIVE /give @s minecraft:crafting_table 1
PASS item=minecraft:white_stained_glass reason=crafted output appeared in inventory
RESET /clear @s
RESET /kill @e[type=item,distance=..16]
RESET clean inventory before item 787

PLAN 787/799 item=minecraft:white_stained_glass_pane resources=[6xminecraft:white_stained_glass, 1xminecraft:crafting_table] leafPlanFailures=[]
GIVE /give @s minecraft:white_stained_glass 6
GIVE /give @s minecraft:crafting_table 1
PASS item=minecraft:white_stained_glass_pane reason=crafted output appeared in inventory
RESET /clear @s
RESET /kill @e[type=item,distance=..16]
RESET clean inventory before item 788

PLAN 788/799 item=minecraft:white_terracotta resources=[8xminecraft:terracotta, 1xminecraft:white_dye, 1xminecraft:crafting_table] leafPlanFailures=[]
GIVE /give @s minecraft:terracotta 8
GIVE /give @s minecraft:white_dye 1
GIVE /give @s minecraft:crafting_table 1
PASS item=minecraft:white_terracotta reason=crafted output appeared in inventory
RESET /clear @s
RESET /kill @e[type=item,distance=..16]
RESET clean inventory before item 789

PLAN 789/799 item=minecraft:wild_armor_trim_smithing_template resources=[7xminecraft:diamond, 1xminecraft:wild_armor_trim_smithing_template, 1xminecraft:mossy_cobblestone, 1xminecraft:crafting_table] leafPlanFailures=[]
GIVE /give @s minecraft:diamond 7
GIVE /give @s minecraft:wild_armor_trim_smithing_template 1
GIVE /give @s minecraft:mossy_cobblestone 1
GIVE /give @s minecraft:crafting_table 1
PASS item=minecraft:wild_armor_trim_smithing_template reason=crafted output appeared in inventory
RESET /clear @s
RESET /kill @e[type=item,distance=..16]
RESET clean inventory before item 790

PLAN 790/799 item=minecraft:wind_charge resources=[1xminecraft:breeze_rod, 1xminecraft:crafting_table] leafPlanFailures=[]
GIVE /give @s minecraft:breeze_rod 1
GIVE /give @s minecraft:crafting_table 1
PASS item=minecraft:wind_charge reason=crafted output appeared in inventory
RESET /clear @s
RESET /kill @e[type=item,distance=..16]
RESET clean inventory before item 791

PLAN 791/799 item=minecraft:wolf_armor resources=[6xminecraft:armadillo_scute, 1xminecraft:crafting_table] leafPlanFailures=[]
GIVE /give @s minecraft:armadillo_scute 6
GIVE /give @s minecraft:crafting_table 1
PASS item=minecraft:wolf_armor reason=crafted output appeared in inventory
RESET /clear @s
RESET /kill @e[type=item,distance=..16]
RESET clean inventory before item 792

PLAN 792/799 item=minecraft:yellow_banner resources=[6xminecraft:yellow_wool, 1xminecraft:stick, 1xminecraft:crafting_table] leafPlanFailures=[]
GIVE /give @s minecraft:yellow_wool 6
GIVE /give @s minecraft:stick 1
GIVE /give @s minecraft:crafting_table 1
PASS item=minecraft:yellow_banner reason=crafted output appeared in inventory
RESET /clear @s
RESET /kill @e[type=item,distance=..16]
RESET clean inventory before item 793

PLAN 793/799 item=minecraft:yellow_candle resources=[1xminecraft:candle, 1xminecraft:yellow_dye] leafPlanFailures=[]
GIVE /give @s minecraft:candle 1
GIVE /give @s minecraft:yellow_dye 1
PASS item=minecraft:yellow_candle reason=crafted output appeared in inventory
RESET /clear @s
RESET /kill @e[type=item,distance=..16]
RESET clean inventory before item 794

PLAN 794/799 item=minecraft:yellow_carpet resources=[2xminecraft:yellow_wool] leafPlanFailures=[]
GIVE /give @s minecraft:yellow_wool 2
PASS item=minecraft:yellow_carpet reason=crafted output appeared in inventory
RESET /clear @s
RESET /kill @e[type=item,distance=..16]
RESET clean inventory before item 795

PLAN 795/799 item=minecraft:yellow_concrete_powder resources=[4xminecraft:sand, 4xminecraft:gravel, 1xminecraft:yellow_dye, 1xminecraft:crafting_table] leafPlanFailures=[]
GIVE /give @s minecraft:sand 4
GIVE /give @s minecraft:gravel 4
GIVE /give @s minecraft:yellow_dye 1
GIVE /give @s minecraft:crafting_table 1
PASS item=minecraft:yellow_concrete_powder reason=crafted output appeared in inventory
RESET /clear @s
RESET /kill @e[type=item,distance=..16]
RESET clean inventory before item 796

PLAN 796/799 item=minecraft:yellow_dye resources=[1xminecraft:dandelion, 1xminecraft:crafting_table] leafPlanFailures=[]
GIVE /give @s minecraft:dandelion 1
GIVE /give @s minecraft:crafting_table 1
PASS item=minecraft:yellow_dye reason=crafted output appeared in inventory
RESET /clear @s
RESET /kill @e[type=item,distance=..16]
RESET clean inventory before item 797

PLAN 797/799 item=minecraft:yellow_stained_glass resources=[8xminecraft:glass, 1xminecraft:yellow_dye, 1xminecraft:crafting_table] leafPlanFailures=[]
GIVE /give @s minecraft:glass 8
GIVE /give @s minecraft:yellow_dye 1
GIVE /give @s minecraft:crafting_table 1
PASS item=minecraft:yellow_stained_glass reason=crafted output appeared in inventory
RESET /clear @s
RESET /kill @e[type=item,distance=..16]
RESET clean inventory before item 798

PLAN 798/799 item=minecraft:yellow_stained_glass_pane resources=[6xminecraft:yellow_stained_glass, 1xminecraft:crafting_table] leafPlanFailures=[]
GIVE /give @s minecraft:yellow_stained_glass 6
GIVE /give @s minecraft:crafting_table 1
PASS item=minecraft:yellow_stained_glass_pane reason=crafted output appeared in inventory
RESET /clear @s
RESET /kill @e[type=item,distance=..16]
RESET clean inventory before item 799

PLAN 799/799 item=minecraft:yellow_terracotta resources=[8xminecraft:terracotta, 1xminecraft:yellow_dye, 1xminecraft:crafting_table] leafPlanFailures=[]
GIVE /give @s minecraft:terracotta 8
GIVE /give @s minecraft:yellow_dye 1
GIVE /give @s minecraft:crafting_table 1
PASS item=minecraft:yellow_terracotta reason=crafted output appeared in inventory
DONE passed=799 failed=0
STOP interrupt=null passed=799 failed=0
